source_class,source_action,target_class,target_action,count_best_accuracy,count_best_macro,delta_macro_minus_accuracy
29,Do_squats,3,Take_off_clothes,6,3,-3
7,Eat_food,11,Peel_fruits,5,10,5
2,Comb_hair,5,Put_on_clothes,5,3,-2
18,Write,17,Tap_the_keyboard,5,3,-2
31,Do_stretching_exercises,30,Do_jumping_jacks,5,3,-2
39,Take_body_temperature,20,Check_the_time,5,1,-4
22,Turn_pages,21,Read_documents,5,0,-5
24,Use_a_mobile_phone,11,Peel_fruits,4,6,2
6,Drink_water,37,Take_medicine,4,2,-2
5,Put_on_clothes,3,Take_off_clothes,4,1,-3
1,Brush_teeth,38,Massage_oneself,4,0,-4
18,Write,21,Read_documents,4,0,-4
26,Play_games,20,Check_the_time,4,0,-4
39,Take_body_temperature,38,Massage_oneself,3,5,2
4,Wipe_hands,0,Wash_face,3,4,1
21,Read_documents,11,Peel_fruits,3,3,0
38,Massage_oneself,27,Take_a_selfie,3,3,0
4,Wipe_hands,11,Peel_fruits,3,2,-1
24,Use_a_mobile_phone,26,Play_games,3,2,-1
27,Take_a_selfie,20,Check_the_time,3,2,-1
7,Eat_food,24,Use_a_mobile_phone,3,1,-2
8,Take_and_use_tableware,24,Use_a_mobile_phone,3,1,-2
31,Do_stretching_exercises,3,Take_off_clothes,3,1,-2
38,Massage_oneself,23,Listen_to_music_with_headphones,3,1,-2
7,Eat_food,23,Listen_to_music_with_headphones,3,0,-3
9,Pour_drinks,14,Wipe_bowls,3,0,-3
15,Wipe_windows_and_tables,36,Walk,3,0,-3
24,Use_a_mobile_phone,34,Sit_down,3,0,-3
33,Lie_down,21,Read_documents,3,0,-3
37,Take_medicine,3,Take_off_clothes,3,0,-3
37,Take_medicine,20,Check_the_time,3,0,-3
10,Stir_drinks,9,Pour_drinks,2,5,3
12,Sweep_the_floor,13,Mop_the_floor,2,5,3
8,Take_and_use_tableware,14,Wipe_bowls,2,4,2
31,Do_stretching_exercises,20,Check_the_time,2,4,2
3,Take_off_clothes,5,Put_on_clothes,2,3,1
8,Take_and_use_tableware,11,Peel_fruits,2,3,1
10,Stir_drinks,37,Take_medicine,2,3,1
20,Check_the_time,8,Take_and_use_tableware,2,3,1
35,Do_lunges,34,Sit_down,2,3,1
37,Take_medicine,39,Take_body_temperature,2,3,1
2,Comb_hair,1,Brush_teeth,2,2,0
6,Drink_water,12,Sweep_the_floor,2,2,0
7,Eat_food,9,Pour_drinks,2,2,0
7,Eat_food,20,Check_the_time,2,2,0
8,Take_and_use_tableware,32,Stand_up,2,2,0
11,Peel_fruits,6,Drink_water,2,2,0
17,Tap_the_keyboard,15,Wipe_windows_and_tables,2,2,0
19,Make_a_phone_call,5,Put_on_clothes,2,2,0
20,Check_the_time,17,Tap_the_keyboard,2,2,0
21,Read_documents,17,Tap_the_keyboard,2,2,0
28,Jog_in_place,36,Walk,2,2,0
7,Eat_food,2,Comb_hair,2,1,-1
7,Eat_food,17,Tap_the_keyboard,2,1,-1
10,Stir_drinks,17,Tap_the_keyboard,2,1,-1
13,Mop_the_floor,2,Comb_hair,2,1,-1
14,Wipe_bowls,4,Wipe_hands,2,1,-1
14,Wipe_bowls,11,Peel_fruits,2,1,-1
20,Check_the_time,39,Take_body_temperature,2,1,-1
23,Listen_to_music_with_headphones,27,Take_a_selfie,2,1,-1
26,Play_games,27,Take_a_selfie,2,1,-1
1,Brush_teeth,3,Take_off_clothes,2,0,-2
2,Comb_hair,38,Massage_oneself,2,0,-2
3,Take_off_clothes,21,Read_documents,2,0,-2
5,Put_on_clothes,16,Fold_clothes,2,0,-2
5,Put_on_clothes,36,Walk,2,0,-2
5,Put_on_clothes,39,Take_body_temperature,2,0,-2
6,Drink_water,20,Check_the_time,2,0,-2
6,Drink_water,23,Listen_to_music_with_headphones,2,0,-2
7,Eat_food,27,Take_a_selfie,2,0,-2
8,Take_and_use_tableware,4,Wipe_hands,2,0,-2
8,Take_and_use_tableware,9,Pour_drinks,2,0,-2
10,Stir_drinks,11,Peel_fruits,2,0,-2
10,Stir_drinks,14,Wipe_bowls,2,0,-2
10,Stir_drinks,38,Massage_oneself,2,0,-2
16,Fold_clothes,3,Take_off_clothes,2,0,-2
19,Make_a_phone_call,34,Sit_down,2,0,-2
23,Listen_to_music_with_headphones,12,Sweep_the_floor,2,0,-2
23,Listen_to_music_with_headphones,34,Sit_down,2,0,-2
25,Watch_TV,3,Take_off_clothes,2,0,-2
25,Watch_TV,34,Sit_down,2,0,-2
27,Take_a_selfie,5,Put_on_clothes,2,0,-2
35,Do_lunges,32,Stand_up,2,0,-2
38,Massage_oneself,21,Read_documents,2,0,-2
39,Take_body_temperature,32,Stand_up,2,0,-2
37,Take_medicine,27,Take_a_selfie,1,6,5
11,Peel_fruits,10,Stir_drinks,1,5,4
18,Write,26,Play_games,1,5,4
16,Fold_clothes,28,Jog_in_place,1,3,2
27,Take_a_selfie,39,Take_body_temperature,1,3,2
34,Sit_down,29,Do_squats,1,3,2
3,Take_off_clothes,20,Check_the_time,1,2,1
7,Eat_food,6,Drink_water,1,2,1
14,Wipe_bowls,37,Take_medicine,1,2,1
15,Wipe_windows_and_tables,31,Do_stretching_exercises,1,2,1
17,Tap_the_keyboard,9,Pour_drinks,1,2,1
17,Tap_the_keyboard,20,Check_the_time,1,2,1
19,Make_a_phone_call,7,Eat_food,1,2,1
20,Check_the_time,31,Do_stretching_exercises,1,2,1
26,Play_games,8,Take_and_use_tableware,1,2,1
29,Do_squats,34,Sit_down,1,2,1
34,Sit_down,36,Walk,1,2,1
37,Take_medicine,38,Massage_oneself,1,2,1
39,Take_body_temperature,3,Take_off_clothes,1,2,1
1,Brush_teeth,5,Put_on_clothes,1,1,0
1,Brush_teeth,27,Take_a_selfie,1,1,0
3,Take_off_clothes,31,Do_stretching_exercises,1,1,0
3,Take_off_clothes,34,Sit_down,1,1,0
3,Take_off_clothes,36,Walk,1,1,0
6,Drink_water,31,Do_stretching_exercises,1,1,0
8,Take_and_use_tableware,31,Do_stretching_exercises,1,1,0
9,Pour_drinks,8,Take_and_use_tableware,1,1,0
11,Peel_fruits,4,Wipe_hands,1,1,0
11,Peel_fruits,8,Take_and_use_tableware,1,1,0
11,Peel_fruits,9,Pour_drinks,1,1,0
11,Peel_fruits,39,Take_body_temperature,1,1,0
12,Sweep_the_floor,2,Comb_hair,1,1,0
12,Sweep_the_floor,37,Take_medicine,1,1,0
16,Fold_clothes,32,Stand_up,1,1,0
16,Fold_clothes,34,Sit_down,1,1,0
19,Make_a_phone_call,23,Listen_to_music_with_headphones,1,1,0
19,Make_a_phone_call,38,Massage_oneself,1,1,0
22,Turn_pages,17,Tap_the_keyboard,1,1,0
23,Listen_to_music_with_headphones,39,Take_body_temperature,1,1,0
24,Use_a_mobile_phone,8,Take_and_use_tableware,1,1,0
25,Watch_TV,23,Listen_to_music_with_headphones,1,1,0
36,Walk,32,Stand_up,1,1,0
37,Take_medicine,2,Comb_hair,1,1,0
0,Wash_face,3,Take_off_clothes,1,0,-1
4,Wipe_hands,38,Massage_oneself,1,0,-1
6,Drink_water,36,Walk,1,0,-1
6,Drink_water,39,Take_body_temperature,1,0,-1
7,Eat_food,31,Do_stretching_exercises,1,0,-1
7,Eat_food,34,Sit_down,1,0,-1
7,Eat_food,37,Take_medicine,1,0,-1
9,Pour_drinks,4,Wipe_hands,1,0,-1
9,Pour_drinks,12,Sweep_the_floor,1,0,-1
9,Pour_drinks,20,Check_the_time,1,0,-1
10,Stir_drinks,8,Take_and_use_tableware,1,0,-1
10,Stir_drinks,20,Check_the_time,1,0,-1
11,Peel_fruits,26,Play_games,1,0,-1
11,Peel_fruits,38,Massage_oneself,1,0,-1
12,Sweep_the_floor,5,Put_on_clothes,1,0,-1
13,Mop_the_floor,5,Put_on_clothes,1,0,-1
13,Mop_the_floor,12,Sweep_the_floor,1,0,-1
13,Mop_the_floor,36,Walk,1,0,-1
14,Wipe_bowls,38,Massage_oneself,1,0,-1
15,Wipe_windows_and_tables,16,Fold_clothes,1,0,-1
15,Wipe_windows_and_tables,30,Do_jumping_jacks,1,0,-1
16,Fold_clothes,20,Check_the_time,1,0,-1
16,Fold_clothes,31,Do_stretching_exercises,1,0,-1
17,Tap_the_keyboard,26,Play_games,1,0,-1
18,Write,34,Sit_down,1,0,-1
19,Make_a_phone_call,24,Use_a_mobile_phone,1,0,-1
20,Check_the_time,34,Sit_down,1,0,-1
21,Read_documents,20,Check_the_time,1,0,-1
21,Read_documents,26,Play_games,1,0,-1
22,Turn_pages,18,Write,1,0,-1
22,Turn_pages,24,Use_a_mobile_phone,1,0,-1
23,Listen_to_music_with_headphones,17,Tap_the_keyboard,1,0,-1
23,Listen_to_music_with_headphones,32,Stand_up,1,0,-1
24,Use_a_mobile_phone,3,Take_off_clothes,1,0,-1
24,Use_a_mobile_phone,16,Fold_clothes,1,0,-1
24,Use_a_mobile_phone,21,Read_documents,1,0,-1
24,Use_a_mobile_phone,23,Listen_to_music_with_headphones,1,0,-1
25,Watch_TV,5,Put_on_clothes,1,0,-1
26,Play_games,34,Sit_down,1,0,-1
27,Take_a_selfie,16,Fold_clothes,1,0,-1
27,Take_a_selfie,23,Listen_to_music_with_headphones,1,0,-1
27,Take_a_selfie,36,Walk,1,0,-1
28,Jog_in_place,12,Sweep_the_floor,1,0,-1
28,Jog_in_place,31,Do_stretching_exercises,1,0,-1
28,Jog_in_place,32,Stand_up,1,0,-1
29,Do_squats,5,Put_on_clothes,1,0,-1
31,Do_stretching_exercises,16,Fold_clothes,1,0,-1
31,Do_stretching_exercises,36,Walk,1,0,-1
35,Do_lunges,27,Take_a_selfie,1,0,-1
37,Take_medicine,5,Put_on_clothes,1,0,-1
37,Take_medicine,22,Turn_pages,1,0,-1
37,Take_medicine,23,Listen_to_music_with_headphones,1,0,-1
37,Take_medicine,32,Stand_up,1,0,-1
37,Take_medicine,34,Sit_down,1,0,-1
38,Massage_oneself,20,Check_the_time,1,0,-1
38,Massage_oneself,26,Play_games,1,0,-1
39,Take_body_temperature,16,Fold_clothes,1,0,-1
39,Take_body_temperature,27,Take_a_selfie,1,0,-1
39,Take_body_temperature,34,Sit_down,1,0,-1
23,Listen_to_music_with_headphones,6,Drink_water,0,5,5
21,Read_documents,22,Turn_pages,0,4,4
32,Stand_up,36,Walk,0,4,4
5,Put_on_clothes,31,Do_stretching_exercises,0,3,3
9,Pour_drinks,10,Stir_drinks,0,3,3
21,Read_documents,8,Take_and_use_tableware,0,3,3
26,Play_games,10,Stir_drinks,0,3,3
26,Play_games,24,Use_a_mobile_phone,0,3,3
29,Do_squats,20,Check_the_time,0,3,3
1,Brush_teeth,2,Comb_hair,0,2,2
1,Brush_teeth,4,Wipe_hands,0,2,2
5,Put_on_clothes,28,Jog_in_place,0,2,2
7,Eat_food,39,Take_body_temperature,0,2,2
8,Take_and_use_tableware,15,Wipe_windows_and_tables,0,2,2
9,Pour_drinks,15,Wipe_windows_and_tables,0,2,2
10,Stir_drinks,15,Wipe_windows_and_tables,0,2,2
13,Mop_the_floor,39,Take_body_temperature,0,2,2
18,Write,15,Wipe_windows_and_tables,0,2,2
20,Check_the_time,6,Drink_water,0,2,2
22,Turn_pages,11,Peel_fruits,0,2,2
22,Turn_pages,15,Wipe_windows_and_tables,0,2,2
23,Listen_to_music_with_headphones,7,Eat_food,0,2,2
23,Listen_to_music_with_headphones,37,Take_medicine,0,2,2
24,Use_a_mobile_phone,7,Eat_food,0,2,2
24,Use_a_mobile_phone,10,Stir_drinks,0,2,2
25,Watch_TV,6,Drink_water,0,2,2
25,Watch_TV,27,Take_a_selfie,0,2,2
27,Take_a_selfie,31,Do_stretching_exercises,0,2,2
33,Lie_down,15,Wipe_windows_and_tables,0,2,2
34,Sit_down,15,Wipe_windows_and_tables,0,2,2
38,Massage_oneself,7,Eat_food,0,2,2
38,Massage_oneself,22,Turn_pages,0,2,2
39,Take_body_temperature,2,Comb_hair,0,2,2
2,Comb_hair,4,Wipe_hands,0,1,1
3,Take_off_clothes,26,Play_games,0,1,1
3,Take_off_clothes,28,Jog_in_place,0,1,1
4,Wipe_hands,14,Wipe_bowls,0,1,1
5,Put_on_clothes,20,Check_the_time,0,1,1
5,Put_on_clothes,23,Listen_to_music_with_headphones,0,1,1
5,Put_on_clothes,30,Do_jumping_jacks,0,1,1
5,Put_on_clothes,34,Sit_down,0,1,1
6,Drink_water,8,Take_and_use_tableware,0,1,1
8,Take_and_use_tableware,12,Sweep_the_floor,0,1,1
9,Pour_drinks,13,Mop_the_floor,0,1,1
9,Pour_drinks,17,Tap_the_keyboard,0,1,1
10,Stir_drinks,4,Wipe_hands,0,1,1
11,Peel_fruits,37,Take_medicine,0,1,1
12,Sweep_the_floor,31,Do_stretching_exercises,0,1,1
14,Wipe_bowls,15,Wipe_windows_and_tables,0,1,1
15,Wipe_windows_and_tables,32,Stand_up,0,1,1
16,Fold_clothes,23,Listen_to_music_with_headphones,0,1,1
16,Fold_clothes,27,Take_a_selfie,0,1,1
16,Fold_clothes,35,Do_lunges,0,1,1
17,Tap_the_keyboard,8,Take_and_use_tableware,0,1,1
17,Tap_the_keyboard,33,Lie_down,0,1,1
18,Write,20,Check_the_time,0,1,1
19,Make_a_phone_call,11,Peel_fruits,0,1,1
19,Make_a_phone_call,20,Check_the_time,0,1,1
22,Turn_pages,8,Take_and_use_tableware,0,1,1
23,Listen_to_music_with_headphones,13,Mop_the_floor,0,1,1
23,Listen_to_music_with_headphones,20,Check_the_time,0,1,1
23,Listen_to_music_with_headphones,28,Jog_in_place,0,1,1
24,Use_a_mobile_phone,20,Check_the_time,0,1,1
24,Use_a_mobile_phone,22,Turn_pages,0,1,1
25,Watch_TV,7,Eat_food,0,1,1
27,Take_a_selfie,6,Drink_water,0,1,1
27,Take_a_selfie,11,Peel_fruits,0,1,1
30,Do_jumping_jacks,31,Do_stretching_exercises,0,1,1
31,Do_stretching_exercises,28,Jog_in_place,0,1,1
32,Stand_up,3,Take_off_clothes,0,1,1
32,Stand_up,7,Eat_food,0,1,1
32,Stand_up,13,Mop_the_floor,0,1,1
32,Stand_up,20,Check_the_time,0,1,1
33,Lie_down,17,Tap_the_keyboard,0,1,1
35,Do_lunges,13,Mop_the_floor,0,1,1
35,Do_lunges,33,Lie_down,0,1,1
37,Take_medicine,1,Brush_teeth,0,1,1
37,Take_medicine,15,Wipe_windows_and_tables,0,1,1
37,Take_medicine,24,Use_a_mobile_phone,0,1,1
37,Take_medicine,31,Do_stretching_exercises,0,1,1
38,Massage_oneself,24,Use_a_mobile_phone,0,1,1
39,Take_body_temperature,5,Put_on_clothes,0,1,1
39,Take_body_temperature,23,Listen_to_music_with_headphones,0,1,1
