class_id,action_name,train_trials,train_users,status,validation_support,full_recall,stream_only__ir:global__recall,stream_only__ir:global__delta,stream_only__ir:person_context__recall,stream_only__ir:person_context__delta,stream_only__ir:left_hand_object__recall,stream_only__ir:left_hand_object__delta,stream_only__ir:right_hand_object__recall,stream_only__ir:right_hand_object__delta,stream_only__depth:global__recall,stream_only__depth:global__delta,stream_only__depth:person_context__recall,stream_only__depth:person_context__delta,stream_only__depth:left_hand_object__recall,stream_only__depth:left_hand_object__delta,stream_only__depth:right_hand_object__recall,stream_only__depth:right_hand_object__delta,stream_drop__ir:global__recall,stream_drop__ir:global__delta,stream_drop__ir:person_context__recall,stream_drop__ir:person_context__delta,stream_drop__ir:left_hand_object__recall,stream_drop__ir:left_hand_object__delta,stream_drop__ir:right_hand_object__recall,stream_drop__ir:right_hand_object__delta,stream_drop__depth:global__recall,stream_drop__depth:global__delta,stream_drop__depth:person_context__recall,stream_drop__depth:person_context__delta,stream_drop__depth:left_hand_object__recall,stream_drop__depth:left_hand_object__delta,stream_drop__depth:right_hand_object__recall,stream_drop__depth:right_hand_object__delta,modality_only__ir__recall,modality_only__ir__delta,modality_only__depth__recall,modality_only__depth__delta,modality_drop__ir__recall,modality_drop__ir__delta,modality_drop__depth__recall,modality_drop__depth__delta,view_only__global__recall,view_only__global__delta,view_only__person_context__recall,view_only__person_context__delta,view_only__left_hand_object__recall,view_only__left_hand_object__delta,view_only__right_hand_object__recall,view_only__right_hand_object__delta,view_drop__global__recall,view_drop__global__delta,view_drop__person_context__recall,view_drop__person_context__delta,view_drop__left_hand_object__recall,view_drop__left_hand_object__delta,view_drop__right_hand_object__recall,view_drop__right_hand_object__delta
0,Wash_face,29,7,observed,3,1.0,1.0,0.0,1.0,0.0,1.0,0.0,1.0,0.0,1.0,0.0,1.0,0.0,0.6666666666666666,-0.33333333333333337,1.0,0.0,1.0,0.0,1.0,0.0,1.0,0.0,1.0,0.0,1.0,0.0,1.0,0.0,1.0,0.0,1.0,0.0,1.0,0.0,1.0,0.0,1.0,0.0,1.0,0.0,1.0,0.0,1.0,0.0,1.0,0.0,1.0,0.0,1.0,0.0,1.0,0.0,1.0,0.0,1.0,0.0
1,Brush_teeth,30,8,observed,6,0.3333333333333333,0.3333333333333333,0.0,0.3333333333333333,0.0,0.3333333333333333,0.0,0.3333333333333333,0.0,0.3333333333333333,0.0,0.3333333333333333,0.0,0.3333333333333333,0.0,0.3333333333333333,0.0,0.3333333333333333,0.0,0.3333333333333333,0.0,0.3333333333333333,0.0,0.3333333333333333,0.0,0.3333333333333333,0.0,0.3333333333333333,0.0,0.3333333333333333,0.0,0.3333333333333333,0.0,0.3333333333333333,0.0,0.3333333333333333,0.0,0.3333333333333333,0.0,0.3333333333333333,0.0,0.3333333333333333,0.0,0.3333333333333333,0.0,0.3333333333333333,0.0,0.3333333333333333,0.0,0.3333333333333333,0.0,0.3333333333333333,0.0,0.3333333333333333,0.0,0.3333333333333333,0.0
2,Comb_hair,40,11,observed,5,0.8,0.8,0.0,0.8,0.0,0.8,0.0,1.0,0.19999999999999996,0.8,0.0,1.0,0.19999999999999996,0.6,-0.20000000000000007,1.0,0.19999999999999996,0.8,0.0,0.8,0.0,0.8,0.0,0.8,0.0,1.0,0.19999999999999996,0.8,0.0,0.8,0.0,0.8,0.0,1.0,0.19999999999999996,0.8,0.0,0.8,0.0,1.0,0.19999999999999996,0.8,0.0,1.0,0.19999999999999996,0.8,0.0,1.0,0.19999999999999996,1.0,0.19999999999999996,0.8,0.0,0.8,0.0,0.8,0.0
3,Take_off_clothes,24,5,deferred_dataset_coverage,6,0.8333333333333334,1.0,0.16666666666666663,0.8333333333333334,0.0,0.6666666666666666,-0.16666666666666674,0.6666666666666666,-0.16666666666666674,0.5,-0.33333333333333337,1.0,0.16666666666666663,1.0,0.16666666666666663,1.0,0.16666666666666663,0.8333333333333334,0.0,1.0,0.16666666666666663,1.0,0.16666666666666663,1.0,0.16666666666666663,1.0,0.16666666666666663,0.8333333333333334,0.0,0.8333333333333334,0.0,0.8333333333333334,0.0,0.8333333333333334,0.0,1.0,0.16666666666666663,1.0,0.16666666666666663,0.8333333333333334,0.0,0.8333333333333334,0.0,1.0,0.16666666666666663,1.0,0.16666666666666663,0.8333333333333334,0.0,1.0,0.16666666666666663,0.8333333333333334,0.0,0.8333333333333334,0.0,1.0,0.16666666666666663
4,Wipe_hands,46,10,observed,9,0.6666666666666666,0.6666666666666666,0.0,0.5555555555555556,-0.11111111111111105,0.6666666666666666,0.0,0.6666666666666666,0.0,0.6666666666666666,0.0,0.6666666666666666,0.0,0.6666666666666666,0.0,0.6666666666666666,0.0,0.6666666666666666,0.0,0.6666666666666666,0.0,0.6666666666666666,0.0,0.6666666666666666,0.0,0.6666666666666666,0.0,0.6666666666666666,0.0,0.6666666666666666,0.0,0.6666666666666666,0.0,0.6666666666666666,0.0,0.6666666666666666,0.0,0.6666666666666666,0.0,0.6666666666666666,0.0,0.6666666666666666,0.0,0.6666666666666666,0.0,0.6666666666666666,0.0,0.6666666666666666,0.0,0.6666666666666666,0.0,0.6666666666666666,0.0,0.6666666666666666,0.0,0.6666666666666666,0.0
5,Put_on_clothes,33,7,observed,6,1.0,0.8333333333333334,-0.16666666666666663,1.0,0.0,1.0,0.0,1.0,0.0,0.8333333333333334,-0.16666666666666663,0.8333333333333334,-0.16666666666666663,1.0,0.0,1.0,0.0,1.0,0.0,0.8333333333333334,-0.16666666666666663,0.8333333333333334,-0.16666666666666663,1.0,0.0,1.0,0.0,1.0,0.0,0.8333333333333334,-0.16666666666666663,1.0,0.0,1.0,0.0,0.8333333333333334,-0.16666666666666663,0.8333333333333334,-0.16666666666666663,1.0,0.0,0.8333333333333334,-0.16666666666666663,1.0,0.0,1.0,0.0,1.0,0.0,1.0,0.0,1.0,0.0,0.8333333333333334,-0.16666666666666663,0.8333333333333334,-0.16666666666666663
6,Drink_water,92,12,observed,15,0.8,0.9333333333333333,0.1333333333333333,0.7333333333333333,-0.06666666666666676,0.8,0.0,0.7333333333333333,-0.06666666666666676,0.8,0.0,0.8666666666666667,0.06666666666666665,0.6666666666666666,-0.13333333333333341,0.6666666666666666,-0.13333333333333341,0.8,0.0,0.8,0.0,0.8,0.0,0.8,0.0,0.7333333333333333,-0.06666666666666676,0.8,0.0,0.8,0.0,0.8,0.0,0.8666666666666667,0.06666666666666665,0.7333333333333333,-0.06666666666666676,0.7333333333333333,-0.06666666666666676,0.8666666666666667,0.06666666666666665,0.8666666666666667,0.06666666666666665,0.8,0.0,0.8,0.0,0.6666666666666666,-0.13333333333333341,0.6666666666666666,-0.13333333333333341,0.8,0.0,0.8,0.0,0.8,0.0
7,Eat_food,97,12,observed,25,0.64,0.56,-0.07999999999999996,0.6,-0.040000000000000036,0.72,0.07999999999999996,0.6,-0.040000000000000036,0.6,-0.040000000000000036,0.56,-0.07999999999999996,0.6,-0.040000000000000036,0.68,0.040000000000000036,0.64,0.0,0.68,0.040000000000000036,0.68,0.040000000000000036,0.68,0.040000000000000036,0.64,0.0,0.68,0.040000000000000036,0.68,0.040000000000000036,0.64,0.0,0.64,0.0,0.68,0.040000000000000036,0.68,0.040000000000000036,0.64,0.0,0.6,-0.040000000000000036,0.64,0.0,0.76,0.12,0.72,0.07999999999999996,0.64,0.0,0.68,0.040000000000000036,0.6,-0.040000000000000036,0.64,0.0
8,Take_and_use_tableware,55,8,observed,27,0.25925925925925924,0.4444444444444444,0.18518518518518517,0.37037037037037035,0.1111111111111111,0.18518518518518517,-0.07407407407407407,0.3333333333333333,0.07407407407407407,0.2222222222222222,-0.037037037037037035,0.2962962962962963,0.037037037037037035,0.37037037037037035,0.1111111111111111,0.2962962962962963,0.037037037037037035,0.37037037037037035,0.1111111111111111,0.2962962962962963,0.037037037037037035,0.2962962962962963,0.037037037037037035,0.3333333333333333,0.07407407407407407,0.3333333333333333,0.07407407407407407,0.3333333333333333,0.07407407407407407,0.2962962962962963,0.037037037037037035,0.2962962962962963,0.037037037037037035,0.3333333333333333,0.07407407407407407,0.3333333333333333,0.07407407407407407,0.3333333333333333,0.07407407407407407,0.3333333333333333,0.07407407407407407,0.37037037037037035,0.1111111111111111,0.2962962962962963,0.037037037037037035,0.3333333333333333,0.07407407407407407,0.37037037037037035,0.1111111111111111,0.37037037037037035,0.1111111111111111,0.3333333333333333,0.07407407407407407,0.2962962962962963,0.037037037037037035,0.3333333333333333,0.07407407407407407
9,Pour_drinks,96,12,observed,18,0.8888888888888888,0.5555555555555556,-0.33333333333333326,0.8333333333333334,-0.05555555555555547,0.8888888888888888,0.0,0.8333333333333334,-0.05555555555555547,0.5555555555555556,-0.33333333333333326,0.7222222222222222,-0.16666666666666663,0.6666666666666666,-0.2222222222222222,0.8333333333333334,-0.05555555555555547,0.8888888888888888,0.0,0.8333333333333334,-0.05555555555555547,0.8333333333333334,-0.05555555555555547,0.8888888888888888,0.0,0.8888888888888888,0.0,0.8888888888888888,0.0,0.8888888888888888,0.0,0.8888888888888888,0.0,0.8888888888888888,0.0,0.8333333333333334,-0.05555555555555547,0.8333333333333334,-0.05555555555555547,0.8888888888888888,0.0,0.5555555555555556,-0.33333333333333326,0.8333333333333334,-0.05555555555555547,0.8888888888888888,0.0,0.8888888888888888,0.0,0.8888888888888888,0.0,0.8333333333333334,-0.05555555555555547,0.8888888888888888,0.0,0.8888888888888888,0.0
10,Stir_drinks,82,11,observed,18,0.7777777777777778,0.5,-0.2777777777777778,0.6666666666666666,-0.11111111111111116,0.7777777777777778,0.0,0.7222222222222222,-0.05555555555555558,0.3888888888888889,-0.3888888888888889,0.6111111111111112,-0.16666666666666663,0.7222222222222222,-0.05555555555555558,0.6111111111111112,-0.16666666666666663,0.7777777777777778,0.0,0.7777777777777778,0.0,0.6666666666666666,-0.11111111111111116,0.7222222222222222,-0.05555555555555558,0.7777777777777778,0.0,0.7777777777777778,0.0,0.7222222222222222,-0.05555555555555558,0.7777777777777778,0.0,0.7222222222222222,-0.05555555555555558,0.6666666666666666,-0.11111111111111116,0.6666666666666666,-0.11111111111111116,0.7222222222222222,-0.05555555555555558,0.5,-0.2777777777777778,0.6666666666666666,-0.11111111111111116,0.7777777777777778,0.0,0.7222222222222222,-0.05555555555555558,0.7777777777777778,0.0,0.7222222222222222,-0.05555555555555558,0.6666666666666666,-0.11111111111111116,0.6666666666666666,-0.11111111111111116
11,Peel_fruits,76,11,observed,12,1.0,0.75,-0.25,1.0,0.0,1.0,0.0,1.0,0.0,0.9166666666666666,-0.08333333333333337,0.9166666666666666,-0.08333333333333337,0.9166666666666666,-0.08333333333333337,0.9166666666666666,-0.08333333333333337,1.0,0.0,1.0,0.0,1.0,0.0,1.0,0.0,1.0,0.0,1.0,0.0,1.0,0.0,1.0,0.0,1.0,0.0,1.0,0.0,1.0,0.0,1.0,0.0,0.9166666666666666,-0.08333333333333337,1.0,0.0,0.9166666666666666,-0.08333333333333337,1.0,0.0,1.0,0.0,1.0,0.0,1.0,0.0,1.0,0.0
12,Sweep_the_floor,41,10,observed,9,0.4444444444444444,0.1111111111111111,-0.3333333333333333,0.5555555555555556,0.11111111111111116,0.4444444444444444,0.0,0.6666666666666666,0.2222222222222222,0.3333333333333333,-0.1111111111111111,0.1111111111111111,-0.3333333333333333,0.2222222222222222,-0.2222222222222222,0.1111111111111111,-0.3333333333333333,0.4444444444444444,0.0,0.4444444444444444,0.0,0.2222222222222222,-0.2222222222222222,0.3333333333333333,-0.1111111111111111,0.3333333333333333,-0.1111111111111111,0.4444444444444444,0.0,0.4444444444444444,0.0,0.4444444444444444,0.0,0.4444444444444444,0.0,0.1111111111111111,-0.3333333333333333,0.1111111111111111,-0.3333333333333333,0.4444444444444444,0.0,0.2222222222222222,-0.2222222222222222,0.2222222222222222,-0.2222222222222222,0.4444444444444444,0.0,0.3333333333333333,-0.1111111111111111,0.4444444444444444,0.0,0.4444444444444444,0.0,0.2222222222222222,-0.2222222222222222,0.4444444444444444,0.0
13,Mop_the_floor,43,10,observed,6,1.0,1.0,0.0,0.8333333333333334,-0.16666666666666663,1.0,0.0,1.0,0.0,0.8333333333333334,-0.16666666666666663,0.8333333333333334,-0.16666666666666663,1.0,0.0,1.0,0.0,1.0,0.0,1.0,0.0,1.0,0.0,1.0,0.0,1.0,0.0,1.0,0.0,1.0,0.0,1.0,0.0,1.0,0.0,0.8333333333333334,-0.16666666666666663,0.8333333333333334,-0.16666666666666663,1.0,0.0,1.0,0.0,0.8333333333333334,-0.16666666666666663,1.0,0.0,1.0,0.0,1.0,0.0,1.0,0.0,1.0,0.0,1.0,0.0
14,Wipe_bowls,23,7,observed,6,0.8333333333333334,0.3333333333333333,-0.5,0.6666666666666666,-0.16666666666666674,0.6666666666666666,-0.16666666666666674,0.6666666666666666,-0.16666666666666674,0.5,-0.33333333333333337,0.8333333333333334,0.0,0.8333333333333334,0.0,0.8333333333333334,0.0,0.8333333333333334,0.0,0.8333333333333334,0.0,0.8333333333333334,0.0,0.8333333333333334,0.0,0.8333333333333334,0.0,0.8333333333333334,0.0,0.8333333333333334,0.0,0.6666666666666666,-0.16666666666666674,0.6666666666666666,-0.16666666666666674,0.8333333333333334,0.0,0.8333333333333334,0.0,0.6666666666666666,-0.16666666666666674,0.5,-0.33333333333333337,0.6666666666666666,-0.16666666666666674,0.8333333333333334,0.0,0.8333333333333334,0.0,0.8333333333333334,0.0,0.8333333333333334,0.0,0.8333333333333334,0.0,0.6666666666666666,-0.16666666666666674
15,Wipe_windows_and_tables,33,8,observed,10,0.8,0.7,-0.10000000000000009,0.8,0.0,0.7,-0.10000000000000009,0.8,0.0,0.5,-0.30000000000000004,0.6,-0.20000000000000007,0.7,-0.10000000000000009,0.8,0.0,0.8,0.0,0.8,0.0,0.8,0.0,0.7,-0.10000000000000009,0.8,0.0,0.8,0.0,0.8,0.0,0.8,0.0,0.8,0.0,0.8,0.0,0.8,0.0,0.8,0.0,0.6,-0.20000000000000007,0.8,0.0,0.8,0.0,0.8,0.0,0.8,0.0,0.8,0.0,0.8,0.0,0.7,-0.10000000000000009
16,Fold_clothes,9,3,deferred_dataset_coverage,3,1.0,1.0,0.0,1.0,0.0,1.0,0.0,1.0,0.0,0.6666666666666666,-0.33333333333333337,0.6666666666666666,-0.33333333333333337,1.0,0.0,1.0,0.0,1.0,0.0,1.0,0.0,1.0,0.0,1.0,0.0,1.0,0.0,1.0,0.0,1.0,0.0,1.0,0.0,1.0,0.0,1.0,0.0,1.0,0.0,1.0,0.0,1.0,0.0,1.0,0.0,1.0,0.0,1.0,0.0,1.0,0.0,1.0,0.0,1.0,0.0,1.0,0.0
17,Tap_the_keyboard,62,10,observed,7,1.0,0.8571428571428571,-0.1428571428571429,0.8571428571428571,-0.1428571428571429,0.8571428571428571,-0.1428571428571429,0.8571428571428571,-0.1428571428571429,0.7142857142857143,-0.2857142857142857,0.8571428571428571,-0.1428571428571429,0.5714285714285714,-0.4285714285714286,0.8571428571428571,-0.1428571428571429,1.0,0.0,1.0,0.0,1.0,0.0,1.0,0.0,1.0,0.0,1.0,0.0,1.0,0.0,1.0,0.0,1.0,0.0,0.8571428571428571,-0.1428571428571429,0.8571428571428571,-0.1428571428571429,1.0,0.0,0.7142857142857143,-0.2857142857142857,0.8571428571428571,-0.1428571428571429,0.8571428571428571,-0.1428571428571429,1.0,0.0,1.0,0.0,1.0,0.0,1.0,0.0,1.0,0.0
18,Write,24,7,observed,3,0.0,0.0,0.0,0.0,0.0,0.0,0.0,0.0,0.0,0.0,0.0,0.0,0.0,0.0,0.0,0.0,0.0,0.0,0.0,0.0,0.0,0.0,0.0,0.0,0.0,0.0,0.0,0.0,0.0,0.0,0.0,0.0,0.0,0.0,0.0,0.0,0.0,0.0,0.0,0.0,0.0,0.0,0.0,0.0,0.0,0.0,0.0,0.0,0.0,0.0,0.0,0.0,0.0,0.0,0.0,0.0,0.0
19,Make_a_phone_call,32,8,observed,3,1.0,1.0,0.0,1.0,0.0,1.0,0.0,1.0,0.0,0.6666666666666666,-0.33333333333333337,1.0,0.0,0.6666666666666666,-0.33333333333333337,1.0,0.0,1.0,0.0,1.0,0.0,1.0,0.0,1.0,0.0,1.0,0.0,1.0,0.0,1.0,0.0,1.0,0.0,1.0,0.0,1.0,0.0,1.0,0.0,1.0,0.0,1.0,0.0,1.0,0.0,1.0,0.0,1.0,0.0,1.0,0.0,1.0,0.0,1.0,0.0,1.0,0.0
20,Check_the_time,67,10,observed,15,0.6,0.5333333333333333,-0.06666666666666665,0.6,0.0,0.6,0.0,0.6,0.0,0.6,0.0,0.4666666666666667,-0.1333333333333333,0.4666666666666667,-0.1333333333333333,0.4666666666666667,-0.1333333333333333,0.6,0.0,0.5333333333333333,-0.06666666666666665,0.5333333333333333,-0.06666666666666665,0.5333333333333333,-0.06666666666666665,0.6,0.0,0.5333333333333333,-0.06666666666666665,0.5333333333333333,-0.06666666666666665,0.5333333333333333,-0.06666666666666665,0.5333333333333333,-0.06666666666666665,0.6,0.0,0.6,0.0,0.5333333333333333,-0.06666666666666665,0.6,0.0,0.6,0.0,0.6,0.0,0.6,0.0,0.6,0.0,0.5333333333333333,-0.06666666666666665,0.5333333333333333,-0.06666666666666665,0.5333333333333333,-0.06666666666666665
21,Read_documents,47,10,observed,9,0.3333333333333333,0.6666666666666666,0.3333333333333333,0.5555555555555556,0.22222222222222227,0.2222222222222222,-0.1111111111111111,0.2222222222222222,-0.1111111111111111,0.6666666666666666,0.3333333333333333,0.6666666666666666,0.3333333333333333,0.5555555555555556,0.22222222222222227,0.5555555555555556,0.22222222222222227,0.3333333333333333,0.0,0.3333333333333333,0.0,0.3333333333333333,0.0,0.3333333333333333,0.0,0.3333333333333333,0.0,0.3333333333333333,0.0,0.3333333333333333,0.0,0.3333333333333333,0.0,0.3333333333333333,0.0,0.6666666666666666,0.3333333333333333,0.6666666666666666,0.3333333333333333,0.3333333333333333,0.0,0.6666666666666666,0.3333333333333333,0.4444444444444444,0.1111111111111111,0.3333333333333333,0.0,0.3333333333333333,0.0,0.3333333333333333,0.0,0.3333333333333333,0.0,0.3333333333333333,0.0,0.3333333333333333,0.0
22,Turn_pages,44,10,observed,6,0.8333333333333334,0.3333333333333333,-0.5,0.8333333333333334,0.0,1.0,0.16666666666666663,1.0,0.16666666666666663,0.5,-0.33333333333333337,0.5,-0.33333333333333337,0.5,-0.33333333333333337,0.5,-0.33333333333333337,0.8333333333333334,0.0,0.6666666666666666,-0.16666666666666674,0.6666666666666666,-0.16666666666666674,0.6666666666666666,-0.16666666666666674,0.8333333333333334,0.0,0.6666666666666666,-0.16666666666666674,0.8333333333333334,0.0,0.8333333333333334,0.0,1.0,0.16666666666666663,0.6666666666666666,-0.16666666666666674,0.6666666666666666,-0.16666666666666674,1.0,0.16666666666666663,0.5,-0.33333333333333337,0.8333333333333334,0.0,0.8333333333333334,0.0,0.8333333333333334,0.0,0.8333333333333334,0.0,0.6666666666666666,-0.16666666666666674,0.8333333333333334,0.0,0.6666666666666666,-0.16666666666666674
23,Listen_to_music_with_headphones,49,11,observed,9,0.5555555555555556,0.4444444444444444,-0.11111111111111116,0.5555555555555556,0.0,0.5555555555555556,0.0,0.5555555555555556,0.0,0.6666666666666666,0.11111111111111105,0.4444444444444444,-0.11111111111111116,0.6666666666666666,0.11111111111111105,0.6666666666666666,0.11111111111111105,0.6666666666666666,0.11111111111111105,0.6666666666666666,0.11111111111111105,0.6666666666666666,0.11111111111111105,0.5555555555555556,0.0,0.5555555555555556,0.0,0.6666666666666666,0.11111111111111105,0.5555555555555556,0.0,0.5555555555555556,0.0,0.5555555555555556,0.0,0.7777777777777778,0.2222222222222222,0.7777777777777778,0.2222222222222222,0.5555555555555556,0.0,0.6666666666666666,0.11111111111111105,0.5555555555555556,0.0,0.5555555555555556,0.0,0.6666666666666666,0.11111111111111105,0.5555555555555556,0.0,0.6666666666666666,0.11111111111111105,0.6666666666666666,0.11111111111111105,0.5555555555555556,0.0
24,Use_a_mobile_phone,23,5,deferred_dataset_coverage,9,0.0,0.0,0.0,0.0,0.0,0.0,0.0,0.0,0.0,0.0,0.0,0.0,0.0,0.0,0.0,0.0,0.0,0.0,0.0,0.0,0.0,0.0,0.0,0.0,0.0,0.0,0.0,0.0,0.0,0.0,0.0,0.0,0.0,0.0,0.0,0.0,0.0,0.0,0.0,0.0,0.0,0.0,0.0,0.0,0.0,0.0,0.0,0.0,0.0,0.0,0.0,0.0,0.0,0.0,0.0,0.0,0.0
25,Watch_TV,3,1,deferred_dataset_coverage,3,0.0,0.0,0.0,0.0,0.0,0.0,0.0,0.0,0.0,0.0,0.0,0.0,0.0,0.0,0.0,0.0,0.0,0.0,0.0,0.0,0.0,0.0,0.0,0.0,0.0,0.0,0.0,0.0,0.0,0.0,0.0,0.0,0.0,0.0,0.0,0.0,0.0,0.0,0.0,0.0,0.0,0.0,0.0,0.0,0.0,0.0,0.0,0.0,0.0,0.0,0.0,0.0,0.0,0.0,0.0,0.0,0.0
26,Play_games,26,3,deferred_dataset_coverage,2,0.0,0.0,0.0,0.0,0.0,0.0,0.0,0.0,0.0,0.0,0.0,0.0,0.0,0.5,0.5,0.0,0.0,0.0,0.0,0.0,0.0,0.0,0.0,0.0,0.0,0.0,0.0,0.0,0.0,0.0,0.0,0.0,0.0,0.0,0.0,0.0,0.0,0.0,0.0,0.0,0.0,0.0,0.0,0.0,0.0,0.0,0.0,0.0,0.0,0.0,0.0,0.0,0.0,0.0,0.0,0.0,0.0
27,Take_a_selfie,24,8,observed,3,1.0,0.3333333333333333,-0.6666666666666667,1.0,0.0,0.6666666666666666,-0.33333333333333337,0.6666666666666666,-0.33333333333333337,0.3333333333333333,-0.6666666666666667,0.6666666666666666,-0.33333333333333337,1.0,0.0,0.6666666666666666,-0.33333333333333337,1.0,0.0,1.0,0.0,1.0,0.0,1.0,0.0,1.0,0.0,1.0,0.0,1.0,0.0,1.0,0.0,1.0,0.0,0.6666666666666666,-0.33333333333333337,0.6666666666666666,-0.33333333333333337,1.0,0.0,0.3333333333333333,-0.6666666666666667,1.0,0.0,1.0,0.0,1.0,0.0,1.0,0.0,1.0,0.0,1.0,0.0,1.0,0.0
28,Jog_in_place,20,6,observed,6,1.0,1.0,0.0,1.0,0.0,1.0,0.0,1.0,0.0,1.0,0.0,1.0,0.0,1.0,0.0,0.8333333333333334,-0.16666666666666663,1.0,0.0,1.0,0.0,1.0,0.0,1.0,0.0,1.0,0.0,1.0,0.0,1.0,0.0,1.0,0.0,1.0,0.0,1.0,0.0,1.0,0.0,1.0,0.0,1.0,0.0,1.0,0.0,1.0,0.0,1.0,0.0,1.0,0.0,1.0,0.0,1.0,0.0,1.0,0.0
29,Do_squats,56,10,observed,6,0.6666666666666666,0.6666666666666666,0.0,0.5,-0.16666666666666663,0.5,-0.16666666666666663,0.6666666666666666,0.0,0.8333333333333334,0.16666666666666674,0.6666666666666666,0.0,0.6666666666666666,0.0,0.6666666666666666,0.0,0.6666666666666666,0.0,0.6666666666666666,0.0,0.6666666666666666,0.0,0.6666666666666666,0.0,0.6666666666666666,0.0,0.6666666666666666,0.0,0.6666666666666666,0.0,0.6666666666666666,0.0,0.6666666666666666,0.0,0.6666666666666666,0.0,0.6666666666666666,0.0,0.6666666666666666,0.0,0.8333333333333334,0.16666666666666674,0.6666666666666666,0.0,0.6666666666666666,0.0,0.6666666666666666,0.0,0.6666666666666666,0.0,0.6666666666666666,0.0,0.6666666666666666,0.0,0.6666666666666666,0.0
30,Do_jumping_jacks,32,10,observed,6,1.0,1.0,0.0,1.0,0.0,1.0,0.0,1.0,0.0,1.0,0.0,1.0,0.0,1.0,0.0,1.0,0.0,1.0,0.0,1.0,0.0,1.0,0.0,1.0,0.0,1.0,0.0,1.0,0.0,1.0,0.0,1.0,0.0,1.0,0.0,1.0,0.0,1.0,0.0,1.0,0.0,1.0,0.0,1.0,0.0,1.0,0.0,1.0,0.0,1.0,0.0,1.0,0.0,1.0,0.0,1.0,0.0
31,Do_stretching_exercises,61,9,observed,6,0.3333333333333333,0.5,0.16666666666666669,0.16666666666666666,-0.16666666666666666,0.3333333333333333,0.0,0.3333333333333333,0.0,0.5,0.16666666666666669,0.3333333333333333,0.0,0.3333333333333333,0.0,0.3333333333333333,0.0,0.3333333333333333,0.0,0.3333333333333333,0.0,0.3333333333333333,0.0,0.3333333333333333,0.0,0.3333333333333333,0.0,0.3333333333333333,0.0,0.3333333333333333,0.0,0.3333333333333333,0.0,0.3333333333333333,0.0,0.3333333333333333,0.0,0.3333333333333333,0.0,0.3333333333333333,0.0,0.5,0.16666666666666669,0.3333333333333333,0.0,0.3333333333333333,0.0,0.3333333333333333,0.0,0.3333333333333333,0.0,0.3333333333333333,0.0,0.3333333333333333,0.0,0.3333333333333333,0.0
32,Stand_up,54,11,observed,6,0.5,0.5,0.0,0.5,0.0,0.16666666666666666,-0.33333333333333337,0.5,0.0,0.3333333333333333,-0.16666666666666669,0.3333333333333333,-0.16666666666666669,0.6666666666666666,0.16666666666666663,0.5,0.0,0.6666666666666666,0.16666666666666663,0.6666666666666666,0.16666666666666663,0.6666666666666666,0.16666666666666663,0.6666666666666666,0.16666666666666663,0.5,0.0,0.5,0.0,0.5,0.0,0.6666666666666666,0.16666666666666663,0.5,0.0,0.6666666666666666,0.16666666666666663,0.6666666666666666,0.16666666666666663,0.5,0.0,0.6666666666666666,0.16666666666666663,0.6666666666666666,0.16666666666666663,0.3333333333333333,-0.16666666666666669,0.5,0.0,0.5,0.0,0.5,0.0,0.6666666666666666,0.16666666666666663,0.6666666666666666,0.16666666666666663
33,Lie_down,18,4,deferred_dataset_coverage,9,1.0,1.0,0.0,1.0,0.0,1.0,0.0,1.0,0.0,1.0,0.0,1.0,0.0,1.0,0.0,1.0,0.0,1.0,0.0,1.0,0.0,1.0,0.0,1.0,0.0,1.0,0.0,1.0,0.0,1.0,0.0,1.0,0.0,1.0,0.0,1.0,0.0,1.0,0.0,1.0,0.0,1.0,0.0,1.0,0.0,1.0,0.0,1.0,0.0,1.0,0.0,1.0,0.0,1.0,0.0,1.0,0.0
34,Sit_down,85,10,observed,30,0.9333333333333333,0.8666666666666667,-0.06666666666666665,0.8,-0.1333333333333333,0.9,-0.033333333333333326,0.9,-0.033333333333333326,0.9333333333333333,0.0,0.8666666666666667,-0.06666666666666665,0.8333333333333334,-0.09999999999999998,0.8333333333333334,-0.09999999999999998,0.9333333333333333,0.0,0.9333333333333333,0.0,0.9333333333333333,0.0,0.9333333333333333,0.0,0.9,-0.033333333333333326,0.9333333333333333,0.0,0.9333333333333333,0.0,0.9,-0.033333333333333326,0.8666666666666667,-0.06666666666666665,0.9333333333333333,0.0,0.9333333333333333,0.0,0.8666666666666667,-0.06666666666666665,0.9333333333333333,0.0,0.8333333333333334,-0.09999999999999998,0.9,-0.033333333333333326,0.9,-0.033333333333333326,0.9,-0.033333333333333326,0.9333333333333333,0.0,0.9333333333333333,0.0,0.9333333333333333,0.0
35,Do_lunges,18,6,observed,3,0.6666666666666666,0.3333333333333333,-0.3333333333333333,0.3333333333333333,-0.3333333333333333,0.6666666666666666,0.0,0.6666666666666666,0.0,1.0,0.33333333333333337,0.3333333333333333,-0.3333333333333333,0.6666666666666666,0.0,0.6666666666666666,0.0,0.6666666666666666,0.0,0.6666666666666666,0.0,0.6666666666666666,0.0,0.6666666666666666,0.0,0.6666666666666666,0.0,0.6666666666666666,0.0,0.6666666666666666,0.0,0.6666666666666666,0.0,0.6666666666666666,0.0,1.0,0.33333333333333337,1.0,0.33333333333333337,0.6666666666666666,0.0,0.6666666666666666,0.0,0.3333333333333333,-0.3333333333333333,0.6666666666666666,0.0,0.6666666666666666,0.0,0.6666666666666666,0.0,0.6666666666666666,0.0,0.6666666666666666,0.0,0.6666666666666666,0.0
36,Walk,217,11,observed,43,0.9767441860465116,0.9767441860465116,0.0,0.9767441860465116,0.0,0.9767441860465116,0.0,0.9767441860465116,0.0,0.9767441860465116,0.0,0.9767441860465116,0.0,0.9767441860465116,0.0,0.9767441860465116,0.0,0.9767441860465116,0.0,0.9767441860465116,0.0,0.9767441860465116,0.0,0.9767441860465116,0.0,0.9767441860465116,0.0,0.9767441860465116,0.0,0.9767441860465116,0.0,0.9767441860465116,0.0,0.9767441860465116,0.0,0.9767441860465116,0.0,0.9767441860465116,0.0,0.9767441860465116,0.0,0.9767441860465116,0.0,0.9534883720930233,-0.023255813953488302,0.9767441860465116,0.0,0.9767441860465116,0.0,0.9767441860465116,0.0,0.9767441860465116,0.0,0.9767441860465116,0.0,0.9767441860465116,0.0
37,Take_medicine,45,10,observed,6,0.5,0.6666666666666666,0.16666666666666663,0.6666666666666666,0.16666666666666663,0.5,0.0,0.5,0.0,0.5,0.0,0.6666666666666666,0.16666666666666663,0.5,0.0,0.5,0.0,0.5,0.0,0.5,0.0,0.5,0.0,0.5,0.0,0.5,0.0,0.5,0.0,0.5,0.0,0.5,0.0,0.5,0.0,0.5,0.0,0.5,0.0,0.5,0.0,0.6666666666666666,0.16666666666666663,0.6666666666666666,0.16666666666666663,0.5,0.0,0.5,0.0,0.5,0.0,0.5,0.0,0.5,0.0,0.5,0.0
38,Massage_oneself,47,9,observed,3,0.6666666666666666,0.0,-0.6666666666666666,0.3333333333333333,-0.3333333333333333,0.6666666666666666,0.0,0.6666666666666666,0.0,0.0,-0.6666666666666666,0.3333333333333333,-0.3333333333333333,1.0,0.33333333333333337,0.3333333333333333,-0.3333333333333333,0.6666666666666666,0.0,0.6666666666666666,0.0,0.6666666666666666,0.0,0.6666666666666666,0.0,0.6666666666666666,0.0,0.6666666666666666,0.0,0.6666666666666666,0.0,0.6666666666666666,0.0,0.6666666666666666,0.0,0.3333333333333333,-0.3333333333333333,0.3333333333333333,-0.3333333333333333,0.6666666666666666,0.0,0.0,-0.6666666666666666,0.3333333333333333,-0.3333333333333333,1.0,0.33333333333333337,0.6666666666666666,0.0,0.6666666666666666,0.0,0.6666666666666666,0.0,0.3333333333333333,-0.3333333333333333,0.6666666666666666,0.0
39,Take_body_temperature,32,8,observed,8,0.5,0.375,-0.125,0.375,-0.125,0.75,0.25,0.5,0.0,0.5,0.0,0.5,0.0,0.75,0.25,0.5,0.0,0.5,0.0,0.625,0.125,0.5,0.0,0.5,0.0,0.5,0.0,0.5,0.0,0.5,0.0,0.5,0.0,0.625,0.125,0.5,0.0,0.5,0.0,0.625,0.125,0.5,0.0,0.375,-0.125,0.875,0.375,0.625,0.125,0.5,0.0,0.75,0.25,0.5,0.0,0.5,0.0
