sample_id,action_name,mobilenet_attention_entropy,resnet18_attention_entropy,mobilenet_depth_gate_mean,resnet18_depth_gate_mean,mobilenet_embedding_norm,resnet18_embedding_norm,mobilenet_residual_abs_mean,resnet18_residual_abs_mean
train__c00__user23__1-1-1,Wash_face,1.3808527e-06,1.948317,0.4960022,0.49909565,15.65974,9.151432,1.721283,0.59059143
train__c00__user23__1-1-2,Wash_face,0.5766977,0.47203037,0.49628907,0.49919128,18.807512,7.515945,2.225891,0.45100403
train__c00__user23__1-1-3,Wash_face,0.0019684886,0.6712168,0.4958913,0.49919638,20.481512,7.4779434,2.4723206,0.46258926
train__c00__user24__6-2-1,Wash_face,0.9705274,1.1467761,0.49356383,0.49916178,25.35379,8.128405,3.3583832,0.47436947
train__c00__user24__6-2-2,Wash_face,0.9209065,1.8249025,0.4942149,0.4991862,22.795568,7.715773,2.8840942,0.4511299
train__c00__user24__6-2-3,Wash_face,0.008554911,1.0563881,0.4944743,0.4992279,20.396517,7.4989004,2.420044,0.46202087
train__c00__user24__7-1-1,Wash_face,0.00027109837,0.4425999,0.49354962,0.4991801,24.778328,7.9477415,3.39917,0.4646721
train__c00__user24__7-1-2,Wash_face,0.45847404,0.26277277,0.49453735,0.49923196,24.74564,7.5440474,3.2527523,0.48850822
train__c00__user24__7-1-3,Wash_face,6.620574e-05,0.9748817,0.49424946,0.49920958,24.07317,7.5155473,3.2662888,0.45739746
train__c00__user4__1-1-1,Wash_face,0.17131093,0.7624954,0.49135843,0.49926555,21.396158,9.056164,2.8147125,0.5930443
train__c00__user4__1-1-2,Wash_face,1.1647298,0.11891949,0.49144998,0.4992503,21.459703,10.160035,2.7803497,0.7272072
train__c00__user4__1-1-3,Wash_face,3.077396e-05,0.6751559,0.49266255,0.49926248,22.821571,8.329249,3.0835571,0.5066061
train__c01__user17__1-1-1,Brush_teeth,0.039726276,1.4376533,0.4950368,0.49924216,25.055862,7.52372,3.4540405,0.45414734
train__c01__user17__1-1-2,Brush_teeth,0.010208824,0.6752533,0.49494323,0.4992391,16.459076,7.867874,2.1468506,0.46033478
train__c01__user17__1-1-3,Brush_teeth,2.0142158e-08,0.7143026,0.49493104,0.49924114,17.72456,7.8285823,2.1322212,0.45758057
train__c01__user23__1-1-1,Brush_teeth,1.3045743e-09,0.7385788,0.49641928,0.49917907,23.71779,8.851375,3.375824,0.55256176
train__c01__user23__1-1-2,Brush_teeth,0.00010202186,1.4535664,0.4960368,0.49922484,15.892,7.5061445,1.9354935,0.4763031
train__c01__user23__1-1-3,Brush_teeth,0.45115498,0.3954068,0.4963959,0.49920756,19.940962,7.5427866,2.4024658,0.45429993
train__c01__user24__6-2-1,Brush_teeth,0.19631127,1.8466097,0.4945872,0.49920452,28.778845,7.7552447,4.1033936,0.4544983
train__c01__user24__6-2-2,Brush_teeth,0.5697185,0.7648521,0.4952596,0.49923503,34.03255,7.960743,4.146042,0.53874254
train__c01__user24__6-2-3,Brush_teeth,4.6736574e-07,0.0072887773,0.49529725,0.4992513,18.890135,8.471054,2.117813,0.60570717
train__c01__user24__7-1-1,Brush_teeth,0.025645742,0.84961003,0.49490866,0.49922484,25.568296,7.640588,3.3409424,0.50095654
train__c01__user24__7-1-2,Brush_teeth,0.37856194,3.1216557e-06,0.49545696,0.49925843,25.65515,8.710815,3.2664032,0.6361637
train__c01__user24__7-1-3,Brush_teeth,0.00024553383,0.023838976,0.4952779,0.4992462,26.067013,8.057335,3.200348,0.54811
train__c02__user17__1-1-1,Comb_hair,7.5328394e-08,0.83421874,0.49143472,0.49917805,27.045477,9.8453665,4.0615234,0.6772728
train__c02__user17__1-1-2,Comb_hair,0.032642566,0.16982032,0.49482727,0.49925435,22.81003,7.527029,3.114685,0.47694778
train__c02__user17__1-1-3,Comb_hair,0.14709717,0.32885545,0.4935384,0.4992401,24.846794,7.756555,3.5184326,0.45324707
train__c02__user23__2-2-1,Comb_hair,0.38356152,1.2796512,0.49770406,0.49916178,22.796608,8.401383,3.1540222,0.50455666
train__c02__user23__2-2-2,Comb_hair,0.037756257,1.9957032,0.4962321,0.49919537,22.187994,7.786925,2.8879013,0.45417023
train__c02__user23__2-2-3,Comb_hair,0.0009463767,1.0208629,0.49575093,0.49921978,21.133244,7.531192,2.694069,0.45606232
train__c02__user24__7-1-1,Comb_hair,0.036222763,0.34450564,0.49498597,0.49923196,25.401985,7.5631013,3.3631592,0.48845863
train__c02__user24__7-1-2,Comb_hair,1.2986578e-09,0.021420836,0.495402,0.49925536,18.83101,8.594979,2.2170868,0.6228981
train__c02__user24__7-1-3,Comb_hair,0.50290585,0.59672844,0.4951884,0.49924418,21.449497,7.9938965,2.7273865,0.5412755
train__c03__user17__6-1-1,Take_off_clothes,0.6688652,1.2930256,0.4898285,0.4992696,17.725212,20.363178,1.8628845,1.875473
train__c03__user17__6-1-2,Take_off_clothes,0.7023119,0.8261206,0.49129945,0.4992686,18.489143,19.771074,2.2072525,1.8107605
train__c03__user17__6-1-3,Take_off_clothes,6.778987e-05,0.19095805,0.49266255,0.49926758,20.367315,18.918896,2.6079884,1.7260132
train__c03__user23__4-3-1,Take_off_clothes,1.5521595,0.31485558,0.4936493,0.4992696,23.309002,17.817825,3.3539124,1.6091309
train__c03__user23__4-3-2,Take_off_clothes,1.6922345,0.09465827,0.49238688,0.4992686,22.969429,18.503279,3.3553925,1.677887
train__c03__user23__4-3-3,Take_off_clothes,0.07608867,0.20178506,0.49326885,0.49927267,21.298033,18.26401,2.9577484,1.6538239
train__c03__user23__5-2-1,Take_off_clothes,1.5847801e-08,0.0037571287,0.4957774,0.49922892,20.143864,7.513496,2.386982,0.48035622
train__c03__user23__5-2-2,Take_off_clothes,1.3353058,0.11571888,0.4972412,0.4991801,21.53672,7.6566844,2.5798187,0.45161438
train__c03__user23__5-2-3,Take_off_clothes,0.31109995,0.2868124,0.49630535,0.4992208,21.004221,7.636496,2.5459137,0.50288963
train__c03__user4__5-2-2,Take_off_clothes,0.08374129,0.9046456,0.48848063,0.49926147,21.1679,12.760942,3.0152817,1.0393524
train__c03__user4__5-2-3,Take_off_clothes,9.515858e-09,0.35790384,0.49171346,0.49926454,18.560272,8.414829,1.9021091,0.5251608
train__c04__user17__1-1-1,Wipe_hands,0.3783449,1.0853807,0.49451092,0.499175,21.611162,9.655872,2.8058472,0.6547489
train__c04__user17__1-1-2,Wipe_hands,0.1405334,1.5902374,0.49428812,0.49921468,26.488771,8.300247,3.5420227,0.4938507
train__c04__user17__1-1-3,Wipe_hands,0.7457139,1.2258185,0.4948934,0.49921876,23.897282,7.9503393,2.9912872,0.46320915
train__c04__user17__7-2-1,Wipe_hands,9.492933e-09,0.7310959,0.48802593,0.49919432,26.708336,15.837637,3.6324005,1.6612091
train__c04__user17__7-2-2,Wipe_hands,0.002514519,0.2982806,0.4907257,0.49921265,25.758146,17.63624,3.60141,2.0708313
train__c04__user17__7-2-3,Wipe_hands,0.05422491,0.036909543,0.49253032,0.4992462,23.27813,11.676548,3.2625427,1.1255264
train__c04__user23__1-1-1,Wipe_hands,0.005881395,1.3063595,0.49766845,0.49920145,17.20049,7.7710085,1.9305801,0.45231628
train__c04__user23__1-1-2,Wipe_hands,0.64883107,0.714378,0.4969869,0.49922588,14.419273,7.49849,1.6218433,0.4713478
train__c04__user23__1-1-3,Wipe_hands,0.35553485,0.037590675,0.496758,0.49921063,15.97157,7.4963655,1.7945557,0.45419312
train__c04__user24__6-2-1,Wipe_hands,0.5032062,0.9382298,0.4951894,0.49920958,27.525478,7.6774673,3.5800323,0.45123672
train__c04__user24__6-2-2,Wipe_hands,0.91467047,0.8150418,0.49570924,0.49921265,18.956562,7.5064564,2.5248451,0.46294403
train__c04__user24__6-2-3,Wipe_hands,0.03921748,1.1067653,0.49562073,0.4992269,18.501396,7.6291947,2.2235107,0.45332336
train__c04__user4__1-1-1,Wipe_hands,0.17379542,0.6724372,0.4937144,0.49926758,19.22208,7.531045,2.3971405,0.4502716
train__c04__user4__1-1-2,Wipe_hands,0.5440388,1.491013,0.49358013,0.49926758,24.698378,7.6445837,3.3065186,0.4491272
train__c04__user4__1-1-3,Wipe_hands,0.002337161,1.0761606,0.49391583,0.49926758,26.723806,7.487245,3.8400269,0.45474243
train__c05__user17__1-1-1,Put_on_clothes,0.005839836,0.6097605,0.4962036,0.49914142,23.34852,9.681035,3.3394012,0.6630764
train__c05__user17__1-1-2,Put_on_clothes,0.061284263,1.1431122,0.49570414,0.49914142,20.779055,9.96163,2.9659424,0.6953926
train__c05__user17__1-1-3,Put_on_clothes,0.012373163,1.2744373,0.4949931,0.49913839,22.46588,9.896186,2.9336853,0.6908016
train__c05__user17__6-1-1,Put_on_clothes,0.00014475104,2.3265526e-05,0.48737997,0.4992696,20.209038,20.534956,2.6769562,1.8971863
train__c05__user17__6-1-2,Put_on_clothes,1.2986578e-09,0.6733561,0.48734233,0.4992635,17.942226,20.356094,1.7660103,1.8784637
train__c05__user17__6-1-3,Put_on_clothes,0.0031371978,0.001542704,0.48783976,0.49926555,17.233034,20.69898,1.763649,1.9201965
train__c05__user23__4-3-1,Put_on_clothes,0.90619063,3.1155462e-06,0.4906606,0.4992757,18.993685,18.932943,2.484932,1.7404785
train__c05__user23__4-3-2,Put_on_clothes,0.7126135,0.26902288,0.49137166,0.49926656,19.207914,19.25156,2.4136238,1.7600098
train__c05__user23__4-3-3,Put_on_clothes,0.0007226167,8.435697e-06,0.49273172,0.4992737,17.316946,17.98632,1.8973618,1.6286774
train__c05__user23__5-2-1,Put_on_clothes,0.040109012,0.0039446256,0.49598083,0.4991394,23.458889,8.200309,3.1984406,0.48896456
train__c05__user23__5-2-2,Put_on_clothes,0.7300979,0.056434758,0.4969096,0.4991679,23.478323,8.392043,3.2191467,0.5068579
train__c05__user23__5-2-3,Put_on_clothes,0.6344387,1.1083139,0.49591166,0.4991933,20.560791,7.6981444,2.5608978,0.45267487
train__c05__user4__5-2-1,Put_on_clothes,0.60023665,0.5981958,0.48675334,0.49926758,19.692188,11.40519,2.340518,0.8973532
train__c05__user4__5-2-2,Put_on_clothes,1.0974599e-06,0.6952174,0.48665264,0.49926758,18.168428,11.278715,2.028839,0.8771572
train__c05__user4__5-2-3,Put_on_clothes,0.7522639,0.005502858,0.48680523,0.49922588,18.42246,9.919994,2.1125069,0.74375343
train__c06__user23__5-3-3,Drink_water,1.7618224e-05,0.15963742,0.49305928,0.49926758,23.064505,8.542883,3.5111542,0.54019165
train__c06__user24__2-1-1,Drink_water,0.22717363,0.20797594,0.49106446,0.49926758,29.400707,14.608908,4.621002,1.2467957
train__c06__user24__2-1-2,Drink_water,0.15258925,0.007997286,0.49040526,0.49926758,29.326057,15.471899,4.559906,1.3512421
train__c06__user24__2-1-3,Drink_water,0.5551885,0.69476986,0.49295554,0.49926758,25.16639,12.385512,3.6185913,0.99871826
train__c06__user24__4-2-1,Drink_water,0.7568469,0.95288295,0.48815918,0.49926758,30.78302,15.670229,4.7359924,2.0383682
train__c06__user24__4-2-2,Drink_water,0.24194412,0.211535,0.49225363,0.49926758,19.976654,8.874635,2.3469315,0.73986816
train__c06__user24__4-2-3,Drink_water,0.60303617,0.4287723,0.49371848,0.49926758,22.234316,14.321237,2.847046,1.6888428
train__c06__user4__2-1-1,Drink_water,1.2986578e-09,1.8024113,0.48768005,0.49926758,26.774204,8.194421,4.187256,0.49290085
train__c06__user4__2-1-2,Drink_water,0.011740905,1.1476095,0.4892924,0.49926758,33.81604,8.449214,5.323078,0.51972103
train__c06__user4__2-1-3,Drink_water,0.5974364,0.36715335,0.49151915,0.49926758,29.390667,7.5036316,4.5733643,0.47502327
train__c06__user4__4-2-1,Drink_water,1.0406398,1.1817023e-08,0.49557596,0.49913433,32.277443,15.186657,5.1321106,1.6218262
train__c06__user4__4-2-2,Drink_water,0.4744141,2.3990624,0.49579874,0.49917805,32.99125,16.704243,5.2364426,2.3087006
train__c06__user4__4-2-3,Drink_water,3.5583256e-05,4.8251484e-05,0.4956482,0.49919942,19.988127,16.34887,2.350956,2.008377
train__c07__user17__1-2-1,Eat_food,0.5223345,0.6377228,0.49116924,0.49924114,20.885515,7.656758,2.484253,0.45417404
train__c07__user17__1-2-2,Eat_food,1.6235557e-08,0.14601977,0.49403992,0.4992513,17.627905,7.7833934,2.0951538,0.5027709
train__c07__user17__1-2-3,Eat_food,0.32457498,0.94130415,0.49198812,0.49924418,18.591053,7.6692014,1.999649,0.4514885
train__c07__user17__2-2-1,Eat_food,0.07867041,1.0480334,0.4853709,0.4992167,21.975718,10.871821,2.7270966,0.81806755
train__c07__user17__2-2-2,Eat_food,0.36388564,1.64679,0.4864024,0.49926454,22.452364,11.360305,2.771843,0.8731489
train__c07__user17__2-2-3,Eat_food,0.1428902,1.3155797,0.49108174,0.49925742,17.25831,7.830746,2.0177727,0.46172333
train__c07__user17__3-2-1,Eat_food,2.0036734e-05,0.58756083,0.49020082,0.49923807,31.615267,16.083784,4.1733017,2.0987587
train__c07__user17__3-2-2,Eat_food,1.4057939,0.16619019,0.4912557,0.49921265,32.482353,14.955176,4.1819153,1.9179363
train__c07__user17__3-2-3,Eat_food,0.00029864267,0.019647395,0.49243063,0.49923298,33.077934,19.070986,4.2850647,2.723812
train__c07__user17__5-2-1,Eat_food,0.29394817,0.12077412,0.4900584,0.4991933,35.378044,16.355003,5.535736,1.8857269
train__c07__user17__5-2-2,Eat_food,0.5875391,0.07212131,0.4903229,0.49920958,35.701664,14.56878,5.4650574,1.8223572
train__c07__user17__5-2-3,Eat_food,0.71170205,0.748615,0.49167174,0.49924928,25.038298,10.956429,3.6274872,1.0426483
train__c07__user17__7-2-1,Eat_food,2.4012268e-05,0.000105935316,0.4895579,0.49919128,29.145947,18.08898,4.031975,2.2241821
train__c07__user17__7-2-2,Eat_food,0.005338231,0.8665958,0.4916158,0.4992157,33.496,19.644615,5.0543213,2.791687
train__c07__user17__7-2-3,Eat_food,1.2986578e-09,0.000963412,0.49091086,0.49919027,26.73567,17.831467,3.854416,2.186203
train__c07__user23__2-3-1,Eat_food,0.9056306,1.4796615,0.4902354,0.49926758,21.859211,16.941626,3.015396,2.2572975
train__c07__user23__2-3-2,Eat_food,0.69204974,0.011811543,0.49357504,0.49925536,26.220459,15.648269,3.7099,1.9454422
train__c07__user23__2-3-3,Eat_food,0.00040349766,1.4099127,0.4914276,0.4992391,36.51921,16.704315,5.1070557,2.237093
train__c07__user24__2-1-1,Eat_food,2.3082538,0.6357077,0.49278972,0.49926758,22.599365,11.9197645,3.0934906,0.9381685
train__c07__user24__2-1-2,Eat_food,1.5080671,0.85908693,0.49102274,0.49926758,21.66668,15.184529,2.942276,1.3139114
train__c07__user24__2-1-3,Eat_food,1.735335,0.022311922,0.4928243,0.49926758,21.06114,12.846344,2.480115,1.0507507
train__c07__user4__1-2-2,Eat_food,0.87573504,1.2299389,0.4901591,0.49912924,32.728485,19.181818,4.1002502,2.7267437
train__c07__user4__1-2-3,Eat_food,1.575507e-05,0.00037919695,0.49009806,0.49915364,35.303844,15.89478,5.3417664,2.1925144
train__c07__user4__2-1-1,Eat_food,1.195873,0.30854908,0.4853831,0.49926758,17.960958,8.414578,2.2651062,0.5219641
train__c07__user4__2-1-2,Eat_food,0.0001086109,0.7565499,0.49074402,0.49926758,30.964739,7.4156585,4.937668,0.45151138
train__c07__user4__2-1-3,Eat_food,0.08104128,0.41774255,0.49090984,0.49926758,15.520984,7.469092,1.844017,0.44754028
train__c07__user4__5-1-1,Eat_food,0.002841496,1.027709,0.49670106,0.4992269,31.773777,14.970641,3.9843292,1.848259
train__c07__user4__5-1-2,Eat_food,0.03351232,0.5257962,0.49784952,0.49917093,34.5378,15.296261,5.2582397,1.9972181
train__c07__user4__5-1-3,Eat_food,0.58973265,0.85316455,0.4970357,0.49921367,39.89775,12.005715,6.1030884,1.3132553
train__c07__user4__7-2-1,Eat_food,0.77008283,1.3970137,0.48825684,0.49916586,37.07808,11.0498,5.5710754,0.8361435
train__c07__user4__7-2-2,Eat_food,0.062134683,0.1285549,0.49161276,0.49920654,29.091047,8.71947,4.4769287,0.5625763
train__c07__user4__7-2-3,Eat_food,0.052518453,0.5103077,0.49077147,0.49919942,36.158295,9.059059,5.544426,0.59846306
train__c08__user17__1-2-1,Take_and_use_tableware,0.5223345,0.6377228,0.49116924,0.49924114,20.885515,7.656758,2.484253,0.45417404
train__c08__user17__1-2-2,Take_and_use_tableware,1.6235557e-08,0.14601977,0.49403992,0.4992513,17.627905,7.7833934,2.0951538,0.5027709
train__c08__user17__1-2-3,Take_and_use_tableware,0.32457498,0.94130415,0.49198812,0.49924418,18.591053,7.6692014,1.999649,0.4514885
train__c08__user17__2-1-1,Take_and_use_tableware,1.0981044,0.017833482,0.49141642,0.4991872,19.542498,9.571018,2.2664948,0.8680458
train__c08__user17__2-1-2,Take_and_use_tableware,0.1767328,0.040750433,0.49269614,0.49920043,20.328989,7.6191764,2.25564,0.5600548
train__c08__user17__2-1-3,Take_and_use_tableware,0.28620207,0.70797926,0.49316815,0.49920043,20.332907,10.142357,2.2731724,0.90786934
train__c08__user17__3-2-1,Take_and_use_tableware,0.33668137,0.0003674977,0.48839214,0.4992208,24.03124,7.28363,3.1713057,0.5093498
train__c08__user17__3-2-2,Take_and_use_tableware,0.43606788,0.00059633225,0.4917928,0.49918517,29.13292,17.887342,3.867157,2.2054749
train__c08__user17__3-2-3,Take_and_use_tableware,8.665283e-09,0.09389662,0.49027404,0.49915263,26.666931,18.898499,3.6702576,2.2207947
train__c08__user4__1-2-1,Take_and_use_tableware,0.59615725,1.0865513,0.48738402,0.4991099,22.511997,14.833871,3.1289978,1.8794756
train__c08__user4__1-2-2,Take_and_use_tableware,0.9199716,1.1935824,0.48829955,0.49908447,34.125248,19.004143,4.243126,2.7076683
train__c08__user4__2-1-1,Take_and_use_tableware,0.009383319,0.4579323,0.4919627,0.49926758,16.650434,7.4451222,2.021534,0.44871902
train__c08__user4__2-1-2,Take_and_use_tableware,2.8155023e-07,0.605235,0.49381104,0.49926758,15.914152,8.590235,1.763382,0.6143589
train__c08__user4__2-1-3,Take_and_use_tableware,0.12039566,0.10539316,0.49399516,0.49926758,17.402437,8.53642,1.8441162,0.6026125
train__c09__user17__1-2-1,Pour_drinks,0.015764138,1.3094192,0.49123737,0.49923402,23.66408,7.7453265,2.8939857,0.45271683
train__c09__user17__1-2-2,Pour_drinks,1.2986578e-09,0.63485515,0.49308777,0.49924824,24.30366,7.487416,3.3592987,0.47097206
train__c09__user17__1-2-3,Pour_drinks,0.23858994,0.27028707,0.49117634,0.49923298,15.268182,7.9490695,1.6026459,0.48226833
train__c09__user17__2-1-1,Pour_drinks,0.27136433,0.0184308,0.49148458,0.49920756,24.803293,8.994975,3.3718338,0.71971273
train__c09__user17__2-1-2,Pour_drinks,0.81321055,8.220604e-06,0.49252623,0.49921063,21.718021,7.3152156,2.8808708,0.4619193
train__c09__user17__2-1-3,Pour_drinks,0.2576786,0.20097923,0.49386188,0.49923807,17.61337,10.386583,2.226017,0.89341545
train__c09__user17__5-2-1,Pour_drinks,0.09725565,4.766367e-09,0.49354655,0.4992167,34.226322,15.99021,4.95813,2.206152
train__c09__user17__5-2-2,Pour_drinks,0.11730179,0.046720993,0.4930542,0.4992452,17.331648,14.4226675,2.3396225,1.7490005
train__c09__user17__5-2-3,Pour_drinks,0.08751611,1.0489352e-05,0.4937195,0.4992269,20.16689,9.566389,2.6805286,0.749341
train__c09__user23__5-3-3,Pour_drinks,0.045481466,0.66692984,0.4884196,0.49926046,20.60333,13.837491,2.6194305,1.1623383
train__c09__user4__1-2-1,Pour_drinks,0.7519826,0.12991902,0.48719686,0.49911195,22.267315,17.424246,2.508789,1.9382629
train__c09__user4__1-2-2,Pour_drinks,0.0013626879,0.044252228,0.48730877,0.49909973,29.303495,17.227324,3.9092407,1.9508667
train__c09__user4__1-2-3,Pour_drinks,0.6067021,0.43984103,0.4855774,0.49907634,27.780806,12.698697,3.518856,1.4090347
train__c09__user4__6-1-1,Pour_drinks,0.61831725,0.8872591,0.48760173,0.49926758,26.541513,10.444754,3.6968536,0.76872826
train__c09__user4__6-1-2,Pour_drinks,0.060488977,0.7317085,0.48761395,0.49926758,23.006453,10.531172,2.9495544,0.77815247
train__c09__user4__6-1-3,Pour_drinks,0.7179862,0.40715435,0.4882243,0.49926758,26.7114,9.194592,3.657837,0.62345505
train__c10__user17__2-1-1,Stir_drinks,0.45703006,0.022814617,0.49055785,0.49918926,24.924826,7.4208345,2.9491484,0.43550873
train__c10__user17__2-1-2,Stir_drinks,0.9123231,0.055632606,0.4912496,0.49920958,24.1259,7.380161,2.9356155,0.4688034
train__c10__user17__2-1-3,Stir_drinks,1.2986578e-09,0.31388175,0.49219054,0.4992208,28.897942,7.4197683,3.9187012,0.47022057
train__c10__user17__2-2-1,Stir_drinks,2.1376038,1.2994823,0.49000347,0.49921265,19.566639,8.004139,2.4672394,0.4756918
train__c10__user17__2-2-2,Stir_drinks,0.6053442,0.40950477,0.4899353,0.4992167,20.944038,8.307765,2.3394127,0.50551987
train__c10__user17__2-2-3,Stir_drinks,0.99185985,0.6671063,0.49145406,0.4992269,13.704145,7.4892855,1.5451279,0.4457779
train__c10__user17__5-2-1,Stir_drinks,0.60681874,0.1474003,0.49235943,0.49921265,28.056053,16.309942,3.8501701,1.8023987
train__c10__user17__5-2-2,Stir_drinks,1.2986578e-09,0.26861572,0.49415997,0.4992513,32.909355,16.75747,4.255745,2.255436
train__c10__user17__5-2-3,Stir_drinks,0.03911706,0.95802283,0.49331257,0.4992279,34.255825,15.728808,4.231735,2.031827
train__c10__user23__5-3-3,Stir_drinks,0.08252278,0.01255065,0.4940562,0.49926758,24.14077,7.708287,3.26754,0.4561653
train__c10__user4__1-2-1,Stir_drinks,0.49261916,2.0209925,0.48996073,0.4991628,25.48034,17.085922,2.854828,2.3889961
train__c10__user4__1-2-2,Stir_drinks,0.0050012656,0.14141487,0.49019673,0.49915364,22.457201,19.027758,2.9751697,2.7087173
train__c10__user4__1-2-3,Stir_drinks,0.32355702,1.9976796,0.49138182,0.49919027,24.39718,14.678843,3.3383713,1.9820023
train__c10__user4__5-1-1,Stir_drinks,0.010065623,0.06668842,0.49836934,0.499115,35.43408,15.989919,4.402529,2.2826233
train__c10__user4__5-1-2,Stir_drinks,3.473904e-06,1.2918441,0.49803466,0.4991109,31.852142,17.981045,4.202343,2.5712166
train__c10__user4__5-1-3,Stir_drinks,6.167567e-05,0.66443497,0.49651897,0.49918315,39.050354,17.604967,4.6181183,2.4850159
train__c11__user17__7-2-1,Peel_fruits,0.0013413682,0.0019910506,0.4889964,0.49918416,27.000998,13.148722,3.7712708,1.4108734
train__c11__user17__7-2-2,Peel_fruits,0.8154521,0.0005900791,0.49044597,0.49919128,25.267296,16.752695,3.5572739,2.2191238
train__c11__user17__7-2-3,Peel_fruits,0.01708167,0.0012188592,0.49169108,0.49921164,24.546688,16.466183,3.5019913,2.1987298
train__c11__user24__4-2-1,Peel_fruits,0.12491816,1.6333712,0.4871236,0.49926758,24.141773,16.48275,3.1685257,1.7219238
train__c11__user24__4-2-2,Peel_fruits,0.13170394,1.791564,0.48798218,0.49926758,20.98639,9.531443,2.8240204,0.85743713
train__c11__user24__4-2-3,Peel_fruits,0.14388467,0.5271616,0.491038,0.49926758,23.750223,14.8945875,3.0813217,1.637619
train__c11__user4__1-2-1,Peel_fruits,0.0050297864,1.3912041,0.48756307,0.4991211,21.617353,17.567472,2.5266953,2.4755402
train__c11__user4__1-2-2,Peel_fruits,0.43405885,0.020720836,0.48750305,0.49908346,26.232958,17.939413,3.6229858,2.1848907
train__c11__user4__1-2-3,Peel_fruits,0.4427398,1.4127268,0.49091694,0.49918517,16.627964,12.230017,1.9963226,1.3038177
train__c11__user4__2-1-1,Peel_fruits,0.0005525552,0.50468564,0.48648274,0.49926758,33.05345,8.475323,4.3559113,0.5213449
train__c11__user4__2-1-2,Peel_fruits,0.08089158,1.4832221,0.4916107,0.49926758,20.71318,7.621307,2.8350677,0.49036503
train__c11__user4__2-1-3,Peel_fruits,0.088684365,1.6771525,0.48884174,0.49926758,24.429308,7.671499,3.657898,0.4506073
train__c11__user4__6-1-1,Peel_fruits,1.1275163,0.80809206,0.48597616,0.49926758,21.918507,9.264696,2.9520416,0.62335587
train__c11__user4__6-1-2,Peel_fruits,1.6344955,1.3211312,0.48606464,0.49926758,18.260733,10.206408,2.3366623,0.7420006
train__c11__user4__6-1-3,Peel_fruits,0.7038777,0.012919454,0.49088338,0.49926758,19.806183,7.384673,2.384327,0.44690323
train__c11__user4__7-1-1,Peel_fruits,0.00012347584,1.2062516,0.49800822,0.49910483,35.2148,16.493418,4.4400787,2.3529663
train__c11__user4__7-1-2,Peel_fruits,0.0028420438,1.1289467,0.49957377,0.49911296,34.084503,16.149958,4.2621765,2.310299
train__c11__user4__7-1-3,Peel_fruits,0.0012040273,3.6255883e-06,0.49733073,0.49915874,28.155317,15.867378,3.9371681,1.8798065
train__c12__user17__3-1-1,Sweep_the_floor,0.07278012,0.75842637,0.488445,0.4992167,18.594786,12.979074,2.319275,1.0697861
train__c12__user17__3-1-2,Sweep_the_floor,0.011032319,0.22631058,0.4883433,0.49920452,18.401125,13.574196,2.1355286,1.1352806
train__c12__user17__3-1-3,Sweep_the_floor,1.8202183e-08,0.37468225,0.48959148,0.49921978,18.644659,12.19193,2.136078,0.97496414
train__c12__user23__3-2-1,Sweep_the_floor,0.33078077,0.48355228,0.4882385,0.4991689,17.274843,15.554884,1.9997559,1.3557281
train__c12__user23__3-2-2,Sweep_the_floor,0.0003700017,0.00202377,0.48936564,0.49918926,17.15692,14.0568285,1.9653244,1.2085953
train__c12__user23__3-2-3,Sweep_the_floor,0.003119546,0.7342474,0.488797,0.49921468,18.466673,15.825503,1.940258,1.3950424
train__c12__user4__2-2-1,Sweep_the_floor,0.6958468,1.1362866,0.49273682,0.49912617,23.142775,11.757564,3.092392,1.2681351
train__c12__user4__2-2-2,Sweep_the_floor,0.6928685,0.4091944,0.49257812,0.49910584,28.107653,12.80252,4.297661,1.3979416
train__c12__user4__2-2-3,Sweep_the_floor,0.0019024507,0.50983936,0.4949229,0.49911907,24.06615,14.18007,3.6943054,1.4569397
train__c13__user17__3-1-1,Mop_the_floor,1.5949725e-05,1.3109303,0.4908183,0.49915162,16.892216,13.090847,1.8372154,1.1082897
train__c13__user17__3-1-2,Mop_the_floor,0.35088864,0.47575647,0.48975626,0.49919128,17.43261,12.220858,2.0529022,0.98552513
train__c13__user17__3-1-3,Mop_the_floor,0.26693413,0.008927514,0.49160463,0.49924216,16.028742,9.983441,1.7543488,0.7282257
train__c13__user4__2-2-1,Mop_the_floor,0.00017709985,1.6117991,0.49300843,0.49912924,19.327965,13.19136,2.5051785,1.5910177
train__c13__user4__2-2-2,Mop_the_floor,0.006868879,0.10732115,0.49401855,0.4991506,18.794811,15.479876,2.3139687,1.7044525
train__c13__user4__2-2-3,Mop_the_floor,4.9635265e-08,0.0013745357,0.4951762,0.49920043,18.566694,15.155496,2.1370468,1.9825134
train__c14__user17__3-2-1,Wipe_bowls,0.33668137,0.0003674977,0.48839214,0.4992208,24.03124,7.28363,3.1713057,0.5093498
train__c14__user17__3-2-2,Wipe_bowls,0.43606788,0.00059633225,0.4917928,0.49918517,29.13292,17.887342,3.867157,2.2054749
train__c14__user17__3-2-3,Wipe_bowls,8.665283e-09,0.09389662,0.49027404,0.49915263,26.666931,18.898499,3.6702576,2.2207947
train__c14__user4__4-2-1,Wipe_bowls,4.038833e-06,0.9677075,0.49594116,0.49911907,29.72237,15.93198,3.8247375,2.259842
train__c14__user4__4-2-2,Wipe_bowls,0.00012405783,0.80045915,0.4994995,0.49909565,24.835112,16.802181,3.3199158,2.3678627
train__c14__user4__4-2-3,Wipe_bowls,0.009570626,0.011866305,0.4985911,0.49914142,23.675276,17.567093,2.9389877,2.534233
train__c15__user17__2-2-1,Wipe_windows_and_tables,1.2370492,1.6150843,0.4898244,0.49921978,20.571442,11.846626,1.9426918,0.9272113
train__c15__user17__2-2-2,Wipe_windows_and_tables,0.00096384546,1.3459117,0.48877868,0.49921772,26.071861,12.151909,2.7955565,0.9809828
train__c15__user17__2-2-3,Wipe_windows_and_tables,0.08018053,0.0080927005,0.4919515,0.49924418,21.152784,8.916123,2.375,0.5954094
train__c15__user17__3-3-1,Wipe_windows_and_tables,1.1598282,0.21798515,0.49147338,0.49920756,22.470081,7.7508874,2.2827911,0.45399094
train__c15__user17__3-3-2,Wipe_windows_and_tables,0.3049512,0.9597671,0.49295756,0.49922892,20.879494,7.4334946,2.2726212,0.46351242
train__c15__user17__3-3-3,Wipe_windows_and_tables,0.40950906,0.10773839,0.4916158,0.4991923,21.181051,7.8020415,2.0794754,0.465868
train__c15__user23__3-1-1,Wipe_windows_and_tables,0.68353534,0.6604036,0.48653767,0.49933776,17.134186,20.263786,1.9194946,1.8609161
train__c15__user23__3-1-2,Wipe_windows_and_tables,0.12195738,0.5820245,0.48795065,0.4993327,17.140491,20.323902,1.7537766,1.8666534
train__c15__user23__3-1-3,Wipe_windows_and_tables,0.1813279,0.020235296,0.48650107,0.49932352,14.390358,20.083424,1.5214386,1.8439484
train__c16__user17__6-1-1,Fold_clothes,0.7087215,0.4777528,0.48996073,0.49926555,16.259102,20.385231,2.0314941,1.8802185
train__c16__user17__6-1-2,Fold_clothes,0.35620266,0.3133252,0.489742,0.49926656,13.452572,20.5914,1.5994568,1.9042358
train__c16__user17__6-1-3,Fold_clothes,0.0033732913,1.0192053,0.4922638,0.49926758,13.715034,19.147665,1.633728,1.7451477
train__c16__user23__4-3-1,Fold_clothes,0.56517863,0.034544747,0.48858032,0.49926758,18.696619,19.663404,2.3287048,1.8121338
train__c16__user23__4-3-2,Fold_clothes,0.14926103,0.03275457,0.49245912,0.49926758,16.176199,17.251934,1.899086,1.5454559
train__c16__user23__4-3-3,Fold_clothes,0.26062882,0.04950895,0.4924815,0.49926454,22.399036,18.594095,3.07901,1.6893921
train__c16__user24__4-1-1,Fold_clothes,2.3448285e-07,0.48635298,0.48624775,0.49926758,24.242382,20.384632,3.399292,1.8762817
train__c16__user24__4-1-2,Fold_clothes,1.4847319e-06,0.28810644,0.48722738,0.49926758,19.770983,20.59334,2.5860825,1.8997803
train__c16__user24__4-1-3,Fold_clothes,1.1632798e-07,0.027411973,0.49148256,0.49926758,17.58947,19.464996,2.1133108,1.7798767
train__c17__user17__4-1-1,Tap_the_keyboard,1.4641602,0.5848584,0.48794252,0.49926758,23.730232,20.491314,3.410614,1.8881836
train__c17__user17__4-1-2,Tap_the_keyboard,2.5008497,1.2411654,0.48867187,0.49926758,24.904936,20.457508,3.5092773,1.8818817
train__c17__user17__4-1-3,Tap_the_keyboard,0.054719545,0.070722,0.48796284,0.49926758,23.49876,20.447678,3.209381,1.886261
train__c17__user23__5-3-2,Tap_the_keyboard,2.729856,0.67255235,0.4945526,0.49926758,20.806139,12.49807,2.7873535,1.0138626
train__c17__user23__5-3-3,Tap_the_keyboard,4.1593066e-05,0.5946693,0.48822325,0.49926758,22.521404,13.89297,3.3065186,1.1780777
train__c17__user24__1-2-1,Tap_the_keyboard,1.5503058,0.52357703,0.48592836,0.49926758,28.199972,20.539429,3.8488998,1.8884735
train__c17__user24__1-2-2,Tap_the_keyboard,0.8872021,2.02711,0.49075827,0.49926758,26.010347,19.524357,3.6234741,1.7793121
train__c17__user24__1-2-3,Tap_the_keyboard,2.2928894,0.5773043,0.48941854,0.49926758,26.695452,19.945984,3.6205597,1.8341675
train__c17__user24__7-2-1,Tap_the_keyboard,0.030237272,0.96911556,0.4887858,0.49923605,17.416056,14.217833,2.00708,1.2001648
train__c17__user24__7-2-2,Tap_the_keyboard,0.012461101,1.1530117,0.49144492,0.49923196,21.20456,10.830589,2.870926,0.81222916
train__c17__user24__7-2-3,Tap_the_keyboard,0.20141879,0.7299607,0.49148458,0.49923807,21.65953,10.762066,2.3255463,0.8044033
train__c17__user4__4-1-1,Tap_the_keyboard,2.2584763,1.0384597,0.48526612,0.49926758,25.190342,9.340032,3.5172882,0.63088226
train__c17__user4__4-1-2,Tap_the_keyboard,2.5550964,1.6307622,0.48913166,0.49926758,24.586403,7.4725885,3.5051575,0.44465256
train__c17__user4__4-1-3,Tap_the_keyboard,2.5070317,0.9985018,0.4860311,0.49926758,24.758614,8.973553,3.5576935,0.5852318
train__c17__user4__5-2-1,Tap_the_keyboard,1.7915946,0.23127288,0.48481953,0.49926758,25.27871,9.303514,3.6021576,0.6269131
train__c17__user4__5-2-2,Tap_the_keyboard,0.46654776,0.7266821,0.484788,0.49926758,23.041956,10.959404,3.2020264,0.84630585
train__c17__user4__5-2-3,Tap_the_keyboard,1.7656767,1.7697804,0.4846639,0.49926758,25.756145,10.201327,3.6027832,0.7357464
train__c18__user23__4-1-1,Write,0.9263625,0.027725171,0.4881602,0.49926758,22.247187,20.379898,3.2157936,1.8851624
train__c18__user23__4-1-2,Write,0.8349174,0.019569488,0.48874512,0.49926758,22.414598,20.165789,3.3080368,1.860733
train__c18__user23__4-1-3,Write,0.62181485,0.6895382,0.4885844,0.49926758,23.479633,20.675966,3.4751205,1.9121094
train__c18__user23__7-1-1,Write,1.258348,0.04389451,0.48867086,0.49919638,13.575545,12.548646,1.6141663,1.0242348
train__c18__user23__7-1-3,Write,1.1172531,1.6493518,0.49069315,0.4992157,17.299025,9.651515,2.116808,0.66855717
train__c18__user24__1-2-1,Write,0.07081251,0.21128565,0.49039918,0.49926758,26.639875,19.877874,3.445633,1.819458
train__c18__user24__1-2-2,Write,1.0894822,0.314298,0.48970845,0.49926758,22.920446,19.817375,2.759777,1.8110046
train__c18__user24__1-2-3,Write,1.2069333,0.0038959982,0.49315897,0.49926758,24.683819,18.30633,3.1688638,1.6527405
train__c18__user4__4-1-1,Write,1.4794248,1.5632863,0.49037272,0.49926758,24.493774,8.121607,3.4239502,0.48540497
train__c18__user4__4-1-2,Write,2.3532343,0.8799157,0.48536173,0.49926758,22.396345,8.86756,3.2219849,0.5719576
train__c18__user4__4-1-3,Write,1.6573662,0.94944715,0.49104106,0.49926758,23.06905,7.4863777,3.2757568,0.47104836
train__c19__user23__4-2-1,Make_a_phone_call,0.71028024,1.2586913,0.4968272,0.49919942,27.751266,7.4753847,4.104431,0.47641182
train__c19__user23__4-2-2,Make_a_phone_call,0.02010056,0.91473615,0.49443054,0.49915567,24.354918,8.715826,3.0409546,0.53820944
train__c19__user23__4-2-3,Make_a_phone_call,0.45979834,1.2674193,0.49482217,0.4992035,20.065186,7.5106444,2.4674454,0.46070862
train__c19__user24__3-2-1,Make_a_phone_call,0.877337,0.71244055,0.4906128,0.49926758,20.879166,14.423085,2.7834778,1.2243652
train__c19__user24__3-2-2,Make_a_phone_call,0.34282073,0.6285349,0.49354655,0.49926758,19.421371,9.732256,2.3411102,0.67725277
train__c19__user24__3-2-3,Make_a_phone_call,1.492703,0.5218711,0.4916697,0.49926758,21.045433,12.1839905,2.6370897,0.9731598
train__c19__user4__6-1-2,Make_a_phone_call,1.5541501,0.5736764,0.48812255,0.49926758,24.431047,8.178204,3.48172,0.49964237
train__c19__user4__6-1-3,Make_a_phone_call,0.024835538,0.0022577918,0.487264,0.49926758,21.031094,8.336834,2.5148888,0.5345974
train__c20__user17__1-2-1,Check_the_time,1.3165293e-09,1.3415036,0.49209595,0.49924928,20.640272,7.489293,2.3828888,0.45449448
train__c20__user17__1-2-2,Check_the_time,0.003326621,1.2883464,0.4915446,0.49924418,19.97751,7.639901,2.350891,0.45007706
train__c20__user17__1-2-3,Check_the_time,0.45635954,1.0946263,0.49397787,0.49926555,15.923601,7.653947,1.5436134,0.4909916
train__c20__user17__4-1-1,Check_the_time,0.00029775946,0.0007960798,0.49390665,0.4992737,21.916912,17.857803,2.8425903,1.6079407
train__c20__user17__4-1-2,Check_the_time,0.0012541533,0.1909256,0.4946462,0.49927166,21.749578,16.156633,2.6929321,1.4180298
train__c20__user17__4-1-3,Check_the_time,2.4118665e-06,0.003980181,0.49473774,0.49926758,21.02921,15.602842,2.599121,1.3574219
train__c20__user24__7-2-1,Check_the_time,4.4295727e-09,0.31639498,0.49096477,0.49926758,23.440424,12.754979,3.3562012,1.0420303
train__c20__user24__7-2-2,Check_the_time,1.2986578e-09,0.0005239178,0.4929484,0.49926758,30.459406,8.940553,4.5842285,0.5838232
train__c20__user24__7-2-3,Check_the_time,0.64092696,0.5869072,0.49181113,0.49926758,20.494003,10.913586,2.7462044,0.8246403
train__c20__user4__5-2-1,Check_the_time,9.653042e-09,0.06373134,0.49005738,0.49926758,31.205797,9.91151,4.6469116,0.7238827
train__c20__user4__5-2-2,Check_the_time,4.0391598e-07,0.34102142,0.49151713,0.49926758,29.02382,7.661337,4.4713135,0.45394516
train__c20__user4__5-2-3,Check_the_time,0.57017535,0.7692602,0.49254355,0.49926656,31.522951,7.5034504,4.200714,0.46660614
train__c21__user17__4-1-1,Read_documents,2.475511,0.24486859,0.48734435,0.49928996,23.227198,20.723997,3.3372955,1.9135742
train__c21__user17__4-1-2,Read_documents,2.3075976,0.7924994,0.48774922,0.49931437,23.264406,20.696154,3.387085,1.9120789
train__c21__user17__4-1-3,Read_documents,1.4284751,0.0068411096,0.49119872,0.49931133,22.036318,19.645075,3.0865479,1.8015747
train__c21__user23__4-1-1,Read_documents,1.6879175,0.6706401,0.4896525,0.49926758,22.091358,20.125225,3.1837063,1.8545227
train__c21__user23__4-1-2,Read_documents,0.301402,0.013971703,0.4907613,0.49926758,22.542858,19.36727,3.3145447,1.7814178
train__c21__user23__4-1-3,Read_documents,1.12501,0.076141275,0.4888153,0.49926758,24.563921,20.3807,3.640213,1.8764038
train__c21__user24__1-2-1,Read_documents,1.0022408,0.8463429,0.48709515,0.49926758,26.666618,20.558352,3.5329742,1.8914642
train__c21__user24__1-2-2,Read_documents,1.5097511,0.951861,0.48953044,0.49926758,24.594088,20.20228,3.438446,1.8546906
train__c21__user24__1-2-3,Read_documents,1.5745893,1.1564872,0.48694763,0.49926758,26.40911,20.429977,3.6221924,1.8769226
train__c21__user24__7-2-1,Read_documents,0.0791218,0.00019139927,0.486675,0.49926758,21.740536,17.525562,2.6166325,1.5945663
train__c21__user24__7-2-2,Read_documents,1.6361194,0.26647145,0.4864268,0.49926046,15.004452,16.172659,1.6671734,1.421135
train__c21__user24__7-2-3,Read_documents,0.08348411,0.90387547,0.4864787,0.49925944,18.999743,16.089247,2.2862701,1.4095383
train__c21__user4__4-1-1,Read_documents,0.07494736,0.4577927,0.4936198,0.49926758,16.932396,7.7923913,2.0326614,0.50437325
train__c21__user4__4-1-2,Read_documents,0.3515594,0.26870644,0.49287823,0.49926758,21.888103,7.539201,2.8563843,0.47644615
train__c21__user4__4-1-3,Read_documents,1.2986578e-09,0.050112076,0.49424845,0.49926758,20.932808,8.244524,2.8372498,0.5579424
train__c22__user24__1-2-1,Turn_pages,1.8681959,0.18831019,0.48738912,0.49926758,27.066824,20.443666,3.6607208,1.8804169
train__c22__user24__1-2-2,Turn_pages,1.156938,0.9032071,0.49053752,0.49926758,24.423943,19.91039,3.4047546,1.8236542
train__c22__user24__1-2-3,Turn_pages,0.09028217,1.012837,0.48832092,0.49926758,25.7589,20.302088,3.5171356,1.8661499
train__c22__user24__7-2-1,Turn_pages,8.554863e-09,0.6480138,0.49267477,0.49926758,15.832237,9.903384,1.8624573,0.70022774
train__c22__user24__7-2-2,Turn_pages,0.7900168,1.794469,0.48988342,0.49926046,14.533779,13.778497,1.5583725,1.1509247
train__c22__user24__7-2-3,Turn_pages,0.04463004,0.09218124,0.48740947,0.49926046,18.273876,15.861864,2.208084,1.3953094
train__c22__user4__4-1-1,Turn_pages,0.7863291,0.21382315,0.48818055,0.49926758,23.928,9.182151,3.0582428,0.621521
train__c22__user4__4-1-2,Turn_pages,1.3863842,0.04638553,0.48836365,0.49926758,25.4918,8.961298,3.4323578,0.5956459
train__c22__user4__4-1-3,Turn_pages,1.3791136,0.8187586,0.48703715,0.49926758,20.048887,8.785489,2.6360474,0.5718689
train__c23__user17__6-2-1,Listen_to_music_with_headphones,0.10665456,1.0235152,0.48656413,0.49926758,31.5261,20.508291,4.9651794,1.8861542
train__c23__user17__6-2-2,Listen_to_music_with_headphones,2.477988e-05,0.08096473,0.4921824,0.49926758,23.39572,18.613941,3.5127869,1.6855774
train__c23__user17__6-2-3,Listen_to_music_with_headphones,4.7698663e-08,0.1408666,0.4928416,0.49926758,27.776474,16.552631,4.036072,1.4695129
train__c23__user17__7-1-1,Listen_to_music_with_headphones,1.6332808,0.3237003,0.48621115,0.4992686,20.635805,20.478466,2.7797623,1.8817902
train__c23__user17__7-1-2,Listen_to_music_with_headphones,1.9626981,0.9749433,0.48673707,0.49926758,24.822811,20.559652,3.2987213,1.8947601
train__c23__user17__7-1-3,Listen_to_music_with_headphones,1.274183,0.8894492,0.48646036,0.49926758,27.99182,20.633505,3.4407196,1.8986206
train__c23__user23__4-2-1,Listen_to_music_with_headphones,0.31946126,0.8601588,0.49613953,0.49915364,19.616367,8.327715,2.5361557,0.49909592
train__c23__user23__4-2-2,Listen_to_music_with_headphones,1.0137632,1.6460881,0.49352926,0.49910888,20.553902,8.958863,2.4756165,0.56547546
train__c23__user23__4-2-3,Listen_to_music_with_headphones,9.953654e-09,0.37899107,0.49512735,0.49923706,22.072672,7.7791905,2.8190308,0.51773906
train__c23__user23__5-1-1,Listen_to_music_with_headphones,1.2707393,0.33143082,0.4857066,0.49926248,26.399912,16.95269,3.988678,1.5072174
train__c23__user23__5-1-2,Listen_to_music_with_headphones,1.5558283,1.5550852,0.4864451,0.49921876,26.931284,16.553865,4.1060486,1.4594574
train__c23__user24__5-1-1,Listen_to_music_with_headphones,0.0022448504,1.7689178,0.488916,0.49926758,28.907835,15.8737,4.4452972,1.3795776
train__c23__user24__5-1-2,Listen_to_music_with_headphones,2.3114064e-08,3.941171e-05,0.49102172,0.49926758,35.79902,14.274221,5.648041,1.2211456
train__c23__user24__5-1-3,Listen_to_music_with_headphones,1.3800243,0.12304505,0.48999226,0.49926758,34.56158,15.093924,5.4111786,1.309578
train__c23__user24__7-2-1,Listen_to_music_with_headphones,0.2630968,1.7183664,0.48870748,0.4992635,34.689194,15.0578375,5.4804153,1.2974701
train__c23__user24__7-2-2,Listen_to_music_with_headphones,0.22964239,0.42689046,0.4923645,0.49926147,32.685802,10.12193,5.136429,0.7332554
train__c23__user24__7-2-3,Listen_to_music_with_headphones,0.000985052,0.16709131,0.49141744,0.49926454,34.43364,11.37844,5.3927155,0.87989616
train__c24__user17__1-2-3,Use_a_mobile_phone,0.030252358,0.13414262,0.491156,0.49923706,20.751541,8.508548,2.4992485,0.53282833
train__c24__user23__7-3-1,Use_a_mobile_phone,1.2302215,1.3564482,0.4872406,0.49920452,21.996202,15.478811,2.8942719,1.337143
train__c24__user23__7-3-2,Use_a_mobile_phone,9.5136095e-08,0.038615935,0.4911845,0.49923095,28.315645,13.797465,4.4782104,1.1733398
train__c24__user23__7-3-3,Use_a_mobile_phone,1.998328e-08,2.8063721e-05,0.4934611,0.49926046,28.833544,9.212277,4.1763306,0.62464523
train__c24__user24__4-1-1,Use_a_mobile_phone,2.716298,0.3907029,0.48677775,0.49926758,26.308548,20.413668,3.7085114,1.8743134
train__c24__user24__4-1-2,Use_a_mobile_phone,1.371541,1.0429257,0.48995462,0.49926758,22.050716,19.601494,3.081543,1.7892456
train__c24__user24__4-1-3,Use_a_mobile_phone,1.0069344,0.07456526,0.49334717,0.49926758,22.435627,17.267574,3.116928,1.5386353
train__c24__user24__5-1-1,Use_a_mobile_phone,2.6196647,0.80729985,0.4855601,0.49926758,21.280127,17.751076,2.8708725,1.5942535
train__c24__user24__5-1-2,Use_a_mobile_phone,0.3362302,0.49557358,0.4890513,0.49926758,14.82063,15.62765,1.6511536,1.3634415
train__c24__user24__5-1-3,Use_a_mobile_phone,1.0912383,1.1280444,0.49339294,0.49926758,19.820482,10.42353,2.4900703,0.7654915
train__c24__user4__3-2-1,Use_a_mobile_phone,0.25893795,0.27419809,0.4849752,0.49926758,13.910205,10.086396,1.6244507,0.7295418
train__c24__user4__3-2-2,Use_a_mobile_phone,0.00093698176,1.427311,0.4851532,0.49926758,18.570366,11.300303,2.1769638,0.8625059
train__c24__user4__3-2-3,Use_a_mobile_phone,1.0354874,0.4769029,0.4874166,0.49926758,16.972044,9.383605,2.038208,0.63754463
train__c24__user4__6-1-1,Use_a_mobile_phone,2.0656946,1.7391189,0.48568422,0.49926758,25.680454,9.762191,3.502716,0.67832375
train__c24__user4__6-1-2,Use_a_mobile_phone,1.8319398,1.1840028,0.484846,0.49926758,24.847376,10.086966,3.5512238,0.7224121
train__c24__user4__6-1-3,Use_a_mobile_phone,3.667662e-07,0.8425329,0.49269614,0.49926758,18.408144,7.4928656,2.1666422,0.46863556
train__c25__user24__2-2-1,Watch_TV,0.38649762,0.21116138,0.48780212,0.49926758,23.422396,19.697548,2.83461,1.805893
train__c25__user24__2-2-2,Watch_TV,0.35567287,0.7090488,0.4906606,0.49926758,23.076246,18.83066,2.8423882,1.7090759
train__c25__user24__2-2-3,Watch_TV,1.5621265,0.842203,0.49301046,0.49926758,24.967306,17.64031,3.1719806,1.5772858
train__c25__user24__5-3-1,Watch_TV,0.017725846,0.16346174,0.49334818,0.49926758,29.168795,10.974311,4.2401733,0.8339653
train__c25__user24__5-3-2,Watch_TV,0.00013328598,1.2287959,0.49095356,0.49926758,26.565306,15.07784,3.7974854,1.2940979
train__c25__user24__5-3-3,Watch_TV,0.62426496,0.1246126,0.49109295,0.49926758,28.233316,14.675805,4.2734985,1.2564392
train__c26__user23__5-1-1,Play_games,0.7713808,1.7902253,0.48614806,0.49926555,15.326165,16.94358,1.7429047,1.4988251
train__c26__user23__5-1-2,Play_games,0.54189634,0.12214433,0.48493245,0.49920452,30.261795,17.00748,4.714226,1.5157623
train__c26__user23__5-1-3,Play_games,0.0015339295,0.95295805,0.49064535,0.49920553,18.025795,12.289843,1.9764786,0.98625755
train__c26__user24__4-1-1,Play_games,1.5142581,0.6198164,0.4873932,0.49926758,26.191778,20.324697,3.6746368,1.8648987
train__c26__user24__4-1-2,Play_games,0.8475306,0.34030578,0.49349874,0.49926758,21.527594,17.331512,2.9242706,1.5451965
train__c26__user24__4-1-3,Play_games,1.7094101,0.11909668,0.49142048,0.49926758,21.881266,18.84906,3.0792618,1.7092133
train__c26__user24__4-3-1,Play_games,2.0893002,1.1940095,0.48675027,0.49926758,23.29757,20.624489,3.3487244,1.8975677
train__c26__user24__4-3-2,Play_games,1.3356194,0.18810545,0.4901591,0.49926758,25.99895,19.526585,3.5910034,1.7813721
train__c26__user24__4-3-3,Play_games,0.043492798,0.9360036,0.49291688,0.49926758,21.998516,17.906866,3.0265198,1.6101227
train__c26__user24__5-3-1,Play_games,0.002161716,1.0066465,0.49058837,0.49926758,29.665104,13.644893,4.6362915,1.1403809
train__c26__user24__5-3-2,Play_games,1.4596691,0.044793643,0.49150798,0.49926758,13.222719,13.162872,1.3373108,1.0879593
train__c26__user24__5-3-3,Play_games,0.35233107,0.2481684,0.4896708,0.49926758,16.981464,14.811359,1.9417229,1.2645187
train__c27__user17__1-2-1,Take_a_selfie,1.6358589,0.93353534,0.48774922,0.49921876,13.4324875,11.2815,1.52005,0.8691902
train__c27__user17__1-2-2,Take_a_selfie,9.591594e-07,0.8878452,0.49233398,0.49924928,20.633171,7.7495785,2.3934898,0.4627266
train__c27__user17__1-2-3,Take_a_selfie,0.030252358,0.13414262,0.491156,0.49923706,20.751541,8.508548,2.4992485,0.53282833
train__c27__user23__3-2-2,Take_a_selfie,0.47314435,0.2779951,0.49085695,0.49926758,34.821213,9.930163,5.3326416,0.7168274
train__c27__user23__3-2-3,Take_a_selfie,1.03192515e-05,0.16951835,0.49051616,0.49922282,29.051785,15.626194,4.4700165,1.3832474
train__c27__user23__4-2-1,Take_a_selfie,1.1856487,0.69986814,0.4964732,0.4991404,18.912695,8.573879,2.4773726,0.52550626
train__c27__user23__4-2-2,Take_a_selfie,0.82901955,1.2775699,0.4935567,0.499115,20.892052,8.82568,2.54982,0.55139065
train__c27__user23__4-2-3,Take_a_selfie,0.0008091103,0.008749415,0.4950897,0.49923503,23.041061,7.6873636,2.9909668,0.5062504
train__c27__user24__1-1-1,Take_a_selfie,0.35708368,1.5768542,0.49346516,0.4992279,23.975183,8.319894,3.0737,0.49633121
train__c27__user24__1-1-2,Take_a_selfie,0.0011112933,1.0608017,0.49385884,0.49922588,21.74488,7.8533916,2.6965485,0.45902634
train__c27__user24__1-1-3,Take_a_selfie,0.01474178,1.5486661,0.49431965,0.49924114,16.668522,7.5299397,1.989357,0.45759583
train__c27__user4__3-2-1,Take_a_selfie,0.51653004,0.12624352,0.49073282,0.49926758,13.915597,8.478438,1.5942383,0.52169204
train__c27__user4__3-2-2,Take_a_selfie,0.5766033,1.045408,0.49130553,0.49926758,13.469206,8.470341,1.510437,0.5231086
train__c27__user4__3-2-3,Take_a_selfie,0.041231424,0.00025542112,0.49288025,0.49927062,17.498503,7.5945325,1.7940521,0.45466614
train__c28__user17__3-1-1,Jog_in_place,4.108738e-06,0.09630369,0.48967388,0.49917907,24.560678,12.308772,3.3288212,0.99726486
train__c28__user17__3-1-2,Jog_in_place,1.3367515,0.015786827,0.48726195,0.49914348,25.832865,13.8519535,3.5963135,1.1724854
train__c28__user17__3-1-3,Jog_in_place,5.3853594e-08,0.4994282,0.49081218,0.4991923,19.592695,11.17284,2.6917992,0.8527546
train__c28__user23__3-2-2,Jog_in_place,0.00086090644,1.1384997,0.49203694,0.49921164,24.656218,9.851539,3.2753906,0.6942692
train__c28__user23__3-2-3,Jog_in_place,1.7675355e-05,0.11773439,0.49313965,0.49923298,21.734976,12.020595,2.7610416,0.9519491
train__c28__user24__3-2-1,Jog_in_place,0.024778765,1.2326369,0.49064636,0.49920553,22.81152,11.089204,3.140503,0.8456688
train__c28__user24__3-2-2,Jog_in_place,0.5908678,0.71165305,0.48779196,0.4991628,24.5264,15.274843,3.2850342,1.3271103
train__c28__user24__3-2-3,Jog_in_place,0.62357306,0.015211869,0.48631898,0.4991455,23.661848,14.775545,3.1925678,1.2730713
train__c28__user4__3-2-1,Jog_in_place,0.00027016047,0.19874863,0.48586833,0.49924722,21.055313,13.805535,2.8079767,1.1728058
train__c28__user4__3-2-2,Jog_in_place,0.00014674873,0.00084017793,0.4874054,0.49926758,20.082901,13.210876,2.5909271,1.1116142
train__c28__user4__3-2-3,Jog_in_place,7.080518e-09,0.08415073,0.48968506,0.49926758,22.032288,11.193482,3.0393677,0.86653996
train__c29__user17__4-1-1,Do_squats,1.806378,0.8259219,0.48961285,0.49928996,20.508932,20.671722,2.7063398,1.9017639
train__c29__user17__4-1-2,Do_squats,1.4875537,0.04257864,0.4925537,0.49928284,20.535246,19.371773,2.6547527,1.7714233
train__c29__user17__4-1-3,Do_squats,1.4396266,0.07641866,0.49233094,0.49928486,20.2773,19.393309,2.703514,1.7702942
train__c29__user23__1-2-1,Do_squats,0.8279248,1.6163694e-05,0.49072877,0.4992991,16.032236,19.45917,1.8889008,1.7808685
train__c29__user23__1-2-2,Do_squats,0.6946465,0.37371802,0.4913513,0.49929708,16.086054,19.486015,1.8758264,1.7800903
train__c29__user23__1-2-3,Do_squats,0.15809324,0.36584282,0.49308777,0.4992564,17.697561,18.588373,2.0188675,1.6889954
train__c29__user23__6-1-1,Do_squats,9.7037045e-08,0.00079403823,0.49000958,0.49927774,17.687359,20.160524,2.127777,1.8635559
train__c29__user23__6-1-2,Do_squats,1.2986578e-09,0.006537725,0.49265543,0.49927267,15.271826,18.62094,1.7113647,1.6932373
train__c29__user23__6-1-3,Do_squats,1.4121177e-06,0.029666487,0.49058735,0.49928284,13.5622635,19.280422,1.4591675,1.7566376
train__c29__user23__6-3-1,Do_squats,0.2071563,0.69905674,0.4887319,0.4992991,17.269432,20.58971,2.2440717,1.8965454
train__c29__user23__6-3-2,Do_squats,0.9433294,0.0024947154,0.49155274,0.49926656,15.039376,19.810688,1.8693848,1.8194122
train__c29__user23__6-3-3,Do_squats,0.63027215,0.36749348,0.49137777,0.4992635,15.623969,19.822706,1.9221191,1.8124237
train__c29__user24__6-3-1,Do_squats,1.7085443,0.94425946,0.48903707,0.49926758,14.687707,20.607458,1.7858887,1.8967743
train__c29__user24__6-3-2,Do_squats,0.9738553,0.047503047,0.48938292,0.49926758,15.356984,20.563627,1.8404922,1.8947144
train__c29__user24__6-3-3,Do_squats,0.82669234,0.00992549,0.49011028,0.4992737,15.15003,20.245373,1.8855591,1.862503
train__c30__user17__2-2-1,Do_jumping_jacks,1.7903407e-07,0.10516016,0.4900767,0.49924722,18.64431,13.0484915,2.131195,1.0845757
train__c30__user17__2-2-2,Do_jumping_jacks,2.8478282e-05,0.09231398,0.48945618,0.4992513,16.89494,14.513353,1.9173927,1.2493057
train__c30__user17__2-2-3,Do_jumping_jacks,0.60583866,0.012531681,0.49322206,0.49926454,16.123127,8.654226,1.8340416,0.555954
train__c30__user4__3-2-1,Do_jumping_jacks,0.0062325243,0.35243466,0.49041545,0.4992737,18.427448,11.11939,2.3392925,0.8624134
train__c30__user4__3-2-2,Do_jumping_jacks,0.28976202,0.008189771,0.49390057,0.4992686,14.317217,7.912961,1.6923466,0.472044
train__c30__user4__3-2-3,Do_jumping_jacks,0.10574311,0.13000095,0.49065754,0.4992686,18.46765,11.079575,2.2804165,0.8439293
train__c31__user17__3-1-1,Do_stretching_exercises,0.08093852,1.1900069,0.49253643,0.49924928,17.584805,8.93217,1.9095154,0.57537746
train__c31__user17__3-1-2,Do_stretching_exercises,0.0057219,0.56956196,0.49179485,0.49925944,14.324236,9.879199,1.5325546,0.6937065
train__c31__user17__3-1-3,Do_stretching_exercises,0.055899996,0.6839583,0.4917165,0.49925742,18.335487,9.244261,1.8719482,0.6313782
train__c31__user17__4-1-1,Do_stretching_exercises,0.6271023,0.09671855,0.4923696,0.49926758,15.261745,19.44359,1.6463552,1.7753754
train__c31__user17__4-1-2,Do_stretching_exercises,1.0093486,0.13129573,0.491687,0.49926758,15.759292,20.081886,1.7773876,1.8495789
train__c31__user17__4-1-3,Do_stretching_exercises,0.020174846,6.3358175e-07,0.4929077,0.4992696,15.263667,19.001577,1.6107025,1.7337494
train__c31__user23__6-1-1,Do_stretching_exercises,1.0264574,1.2058039,0.4878357,0.49927166,19.810768,20.45201,2.739914,1.881546
train__c31__user23__6-1-2,Do_stretching_exercises,0.64695096,1.2501857,0.48823446,0.4992696,18.722166,20.306843,2.470646,1.8706512
train__c31__user23__6-1-3,Do_stretching_exercises,0.5036836,0.033854965,0.4899709,0.4992696,23.736652,19.911415,3.3623352,1.8357086
train__c31__user23__7-3-1,Do_stretching_exercises,5.692699e-05,0.9007405,0.49124348,0.4992808,21.711199,13.5656595,2.6544342,1.137989
train__c31__user23__7-3-2,Do_stretching_exercises,7.58914e-05,0.054658726,0.49105835,0.4992737,17.678919,13.649406,1.9389267,1.1576347
train__c31__user23__7-3-3,Do_stretching_exercises,3.1657084e-05,0.35883373,0.49158937,0.49927673,19.116926,13.940619,2.162445,1.1800156
train__c31__user24__3-2-1,Do_stretching_exercises,0.13874699,0.40806717,0.48740742,0.4992391,18.390923,14.905983,2.1981754,1.291893
train__c31__user24__3-2-2,Do_stretching_exercises,0.051800013,0.56113446,0.49292094,0.49925843,18.097528,9.317769,2.190361,0.629694
train__c31__user24__3-2-3,Do_stretching_exercises,0.6228206,0.06062902,0.48993936,0.49924216,18.974184,12.658287,2.3822002,1.0474815
train__c31__user4__3-2-1,Do_stretching_exercises,1.4586761e-09,1.1674482,0.48682556,0.49927267,17.787947,14.557857,1.9406509,1.2451401
train__c31__user4__3-2-2,Do_stretching_exercises,1.2986578e-09,0.10216679,0.4938212,0.4992696,19.125954,8.120393,2.3469307,0.49143004
train__c31__user4__3-2-3,Do_stretching_exercises,0.21121685,0.115658,0.49010822,0.49926656,18.962465,11.719557,2.5018272,0.9228821
train__c32__user17__4-1-1,Stand_up,0.49195153,0.013972676,0.49417624,0.49927062,20.04106,17.300505,2.6836853,1.545578
train__c32__user17__4-1-2,Stand_up,0.40509906,0.31768674,0.4938548,0.49926758,19.895168,17.057844,2.635212,1.5173187
train__c32__user17__4-1-3,Stand_up,0.9642778,0.00050572166,0.49452618,0.4992696,19.065676,16.699717,2.4523115,1.4798584
train__c32__user23__7-1-1,Stand_up,1.0192695,0.0025823046,0.49215394,0.49923807,21.90682,9.326332,2.8356628,0.63569164
train__c32__user23__7-1-2,Stand_up,0.716972,0.6099387,0.49269408,0.4992452,20.456682,9.609384,2.3055267,0.6654577
train__c32__user23__7-1-3,Stand_up,1.0687648,0.0027016553,0.4941874,0.49926147,16.563654,7.6070056,1.8896332,0.45058823
train__c32__user23__7-3-1,Stand_up,0.08064512,0.46922573,0.49350992,0.4992503,19.09682,9.1690855,2.1799393,0.6160364
train__c32__user23__7-3-2,Stand_up,0.18668705,0.8070059,0.4938975,0.4992503,17.98676,8.8370495,1.991291,0.5688515
train__c32__user23__7-3-3,Stand_up,6.47913e-09,1.3109149e-09,0.49465027,0.4992564,16.635605,7.6922393,2.0427246,0.4615631
train__c32__user24__5-1-1,Stand_up,8.165215e-07,0.12109641,0.4943166,0.49926758,15.459724,9.357966,1.7245636,0.6331358
train__c32__user24__5-1-2,Stand_up,0.028867658,0.35631153,0.49418336,0.49926758,13.442309,9.354857,1.4409027,0.63652897
train__c32__user24__5-1-3,Stand_up,6.0878693e-07,0.0037799068,0.49394125,0.4992635,29.356388,9.363649,4.4873047,0.6410332
train__c32__user24__6-3-1,Stand_up,0.68791795,0.061572682,0.49368694,0.49926758,13.551767,17.843159,1.597992,1.6009979
train__c32__user24__6-3-2,Stand_up,0.6824264,0.7361338,0.49399108,0.49926656,13.979787,17.657162,1.6765747,1.5826263
train__c32__user24__6-3-3,Stand_up,0.78330505,0.024727697,0.494339,0.4992686,14.3267355,17.41875,1.6059265,1.559845
train__c32__user4__2-1-1,Stand_up,0.00041513226,1.3649402,0.4934367,0.49926758,16.322847,8.11582,1.8750381,0.54630566
train__c32__user4__2-1-2,Stand_up,1.0381006e-08,0.7583513,0.4941508,0.49926758,15.566418,8.761642,1.6496048,0.6368046
train__c32__user4__2-1-3,Stand_up,1.6259713e-05,0.0023210817,0.49433187,0.49926758,16.141459,9.084195,1.9386139,0.6809435
train__c32__user4__3-2-1,Stand_up,0.5954385,0.45959607,0.49308473,0.49926758,19.991602,7.3922906,2.4906616,0.45561218
train__c32__user4__3-2-2,Stand_up,0.79632443,0.040504538,0.49358216,0.49926758,22.449276,7.719589,2.9318237,0.49984503
train__c32__user4__3-2-3,Stand_up,0.08361855,0.37343797,0.49164835,0.49926758,23.23318,8.53712,3.2628174,0.54808044
train__c32__user4__7-2-1,Stand_up,4.793466e-07,0.4124367,0.49333903,0.49926758,19.432472,7.610869,2.5044174,0.4876156
train__c32__user4__7-2-2,Stand_up,0.12845147,8.877775e-05,0.49221393,0.49926758,23.654463,7.3470197,3.166916,0.44494247
train__c32__user4__7-2-3,Stand_up,0.2357542,0.39571947,0.4927887,0.49926758,19.236656,7.465148,2.220232,0.4607544
train__c33__user17__2-2-1,Lie_down,1.4760036,0.51073486,0.4927053,0.49926147,20.214043,9.745591,2.4820328,0.690258
train__c33__user17__2-2-2,Lie_down,0.034090426,0.8722231,0.4929118,0.49926248,19.565735,11.529764,2.3813324,0.9004748
train__c33__user17__2-2-3,Lie_down,0.056931186,0.27274966,0.4933787,0.49926454,21.223467,8.99926,2.4733353,0.5953407
train__c33__user24__2-2-1,Lie_down,1.1881464,0.47509056,0.4931132,0.49924216,23.939621,18.427162,3.3003845,1.6723175
train__c33__user24__2-2-2,Lie_down,0.8532469,0.09010076,0.49361065,0.49925435,23.930931,17.568108,3.2651062,1.5816498
train__c33__user24__2-2-3,Lie_down,0.6571165,0.5876288,0.49470112,0.49926248,22.918129,15.925728,3.1151428,1.4014816
train__c34__user17__1-2-1,Sit_down,0.2246115,0.003591324,0.49369302,0.49926758,13.522593,7.6468673,1.4208069,0.49451017
train__c34__user17__1-2-2,Sit_down,0.43208453,0.66291904,0.49390972,0.49925742,14.34145,7.615613,1.5468445,0.4939432
train__c34__user17__1-2-3,Sit_down,0.17679834,0.106379874,0.4941681,0.49925944,19.923964,8.076425,2.3344135,0.5380459
train__c34__user17__2-2-1,Sit_down,0.4715575,0.68190175,0.4938263,0.49926248,14.696284,7.7671013,1.5851288,0.5069158
train__c34__user17__2-2-2,Sit_down,0.1189692,0.0005270166,0.494163,0.49926454,14.5382595,7.7198844,1.42276,0.49813533
train__c34__user17__2-2-3,Sit_down,0.25055313,0.005252037,0.49394634,0.49926656,19.971117,7.606187,2.1281338,0.48464966
train__c34__user17__4-1-1,Sit_down,0.70188284,0.13854857,0.49412638,0.49927166,15.19264,17.581112,1.7395706,1.5753479
train__c34__user17__4-1-2,Sit_down,0.34223297,0.09991791,0.49477234,0.49926758,17.515614,16.423536,2.1649704,1.4500122
train__c34__user17__4-1-3,Sit_down,0.32802165,0.05126527,0.4945455,0.49926758,18.523563,16.477108,2.3669138,1.4555359
train__c34__user17__7-1-1,Sit_down,0.70779324,0.100163765,0.4944448,0.49927062,17.083271,16.151325,1.9206448,1.4256592
train__c34__user17__7-1-2,Sit_down,1.7218852e-06,0.743157,0.4944112,0.49926758,18.111536,14.890637,2.264389,1.2753067
train__c34__user17__7-1-3,Sit_down,0.12926291,0.0008273219,0.49440715,0.49926758,17.964674,15.11574,2.193222,1.304039
train__c34__user23__3-2-2,Sit_down,0.13170059,0.102293655,0.49362996,0.4992564,20.39096,7.4535766,2.506199,0.44375992
train__c34__user23__7-3-1,Sit_down,0.4251218,0.8045988,0.49250996,0.49923807,20.195797,10.48483,2.3421516,0.78541756
train__c34__user23__7-3-2,Sit_down,0.083912864,0.9224191,0.4926117,0.49922383,19.816036,10.918749,2.4645462,0.8612213
train__c34__user23__7-3-3,Sit_down,0.5106365,0.123404205,0.4926249,0.49923402,16.388756,9.527802,1.8284588,0.68068886
train__c34__user24__4-1-1,Sit_down,0.120009206,0.01112264,0.49313658,0.49926758,16.46794,18.166712,1.9428058,1.6366425
train__c34__user24__4-1-2,Sit_down,0.03438711,2.0131e-05,0.49370626,0.49926758,16.733406,17.66599,2.0241346,1.5905457
train__c34__user24__4-1-3,Sit_down,0.015555675,0.041704655,0.49427795,0.49926758,18.6526,17.141874,2.4480724,1.5335388
train__c34__user24__5-1-1,Sit_down,0.0652916,1.677819e-06,0.49343872,0.49926454,12.5684395,10.204816,1.4284668,0.7466221
train__c34__user24__5-1-2,Sit_down,0.47166282,0.32978427,0.4939219,0.49926454,17.31421,9.570468,1.9403839,0.65909576
train__c34__user24__5-1-3,Sit_down,0.00020472055,0.0027246347,0.4940084,0.4992635,13.441184,9.633422,1.5513268,0.67480946
train__c34__user24__5-3-1,Sit_down,0.3464007,0.46439883,0.49391684,0.49926555,17.582647,9.358223,2.04842,0.63279915
train__c34__user24__5-3-2,Sit_down,0.76462656,0.054941364,0.49343058,0.49926758,14.937361,10.567197,1.6867981,0.7837639
train__c34__user24__5-3-3,Sit_down,4.0812225e-09,0.112372085,0.49422303,0.49926147,16.15308,8.537533,2.0777016,0.52909017
train__c34__user24__7-2-1,Sit_down,0.6668645,0.23781124,0.49375612,0.49926248,16.349638,8.777006,1.8565292,0.5563698
train__c34__user24__7-2-2,Sit_down,0.6341845,0.34659526,0.4937917,0.49926454,14.905392,8.74094,1.6279831,0.55505943
train__c34__user24__7-2-3,Sit_down,0.6707665,2.7048496e-05,0.49417928,0.4992564,13.470492,7.9757214,1.4222116,0.4749012
train__c34__user4__7-2-1,Sit_down,0.73879695,0.4991475,0.49334207,0.49924418,15.102235,8.010238,1.515111,0.4799509
train__c34__user4__7-2-2,Sit_down,1.1237607,0.21714732,0.49309692,0.49924114,15.597658,8.184378,1.6588593,0.49234676
train__c34__user4__7-2-3,Sit_down,1.0602797,0.7417358,0.49294433,0.49923807,15.336534,8.028233,1.6043701,0.47814035
train__c35__user23__1-2-1,Do_lunges,0.37533355,0.98470485,0.48857015,0.4993337,16.528732,20.142683,1.9933472,1.8566437
train__c35__user23__1-2-2,Do_lunges,0.5806639,0.018094273,0.49458516,0.49927875,14.649666,15.777333,1.7200356,1.3798523
train__c35__user23__1-2-3,Do_lunges,0.30378014,0.026945796,0.49177247,0.49930522,22.100214,18.552597,2.9189148,1.6851959
train__c35__user23__5-3-2,Do_lunges,2.7022967,0.33307332,0.49441528,0.49926758,20.96937,13.018029,2.824417,1.075592
train__c35__user23__5-3-3,Do_lunges,0.6432427,0.04353846,0.4913503,0.49925843,16.448181,12.433052,1.96698,1.0063858
train__c36__user17__1-2-1,Walk,0.6875044,0.057780113,0.4914907,0.49923605,17.62421,10.933805,1.9313354,0.871109
train__c36__user17__1-2-2,Walk,0.00029346178,2.6885884e-05,0.49266356,0.49924824,18.78063,8.651482,1.8124447,0.58623123
train__c36__user17__1-2-3,Walk,0.19427946,0.026977554,0.49264222,0.4992462,18.344658,8.882649,1.9707031,0.62055206
train__c36__user17__3-2-1,Walk,0.69288844,0.013849935,0.4967051,0.49922994,17.775347,9.461979,1.9418488,0.83314896
train__c36__user17__3-2-2,Walk,0.00065378833,0.08120972,0.49670714,0.49924216,20.468052,9.937317,2.0498123,0.89105034
train__c36__user17__3-2-3,Walk,0.00031158206,0.26428768,0.49637043,0.49924824,16.45271,8.824049,1.9114685,0.692482
train__c36__user17__3-3-1,Walk,0.00958662,0.015062709,0.4946808,0.4992462,21.74913,7.355967,2.3392067,0.45567894
train__c36__user17__3-3-2,Walk,0.18666752,0.0016394297,0.49460652,0.4992452,20.194237,7.3308463,2.2176666,0.44857025
train__c36__user17__3-3-3,Walk,0.0067189676,0.67946196,0.4952006,0.49925944,15.480739,7.816016,1.7830124,0.51911736
train__c36__user17__4-1-1,Walk,5.027987e-05,1.0517031,0.493337,0.49927166,20.555864,19.087023,2.3681335,1.7429352
train__c36__user17__4-1-2,Walk,0.0061851935,0.0018436178,0.49279988,0.4992696,19.93031,19.288237,2.2053757,1.7644348
train__c36__user17__4-1-3,Walk,0.20824559,0.045021333,0.49392396,0.4992696,17.043774,18.073029,1.9625511,1.6381836
train__c36__user17__5-2-1,Walk,0.28596315,0.011981547,0.49644879,0.49922892,17.18311,8.316964,1.8785248,0.6175041
train__c36__user17__5-2-2,Walk,0.66136676,0.00399271,0.49669597,0.49924418,17.812326,9.632539,1.8725128,0.7959175
train__c36__user17__5-2-3,Walk,3.268728e-05,0.0037259648,0.4967102,0.49924317,15.524339,9.744015,1.7013092,0.81569326
train__c36__user17__6-1-1,Walk,0.016528316,0.03257486,0.49264324,0.49927267,19.674746,19.295925,2.258583,1.7667236
train__c36__user17__6-1-2,Walk,3.178212e-07,0.0006842836,0.49407044,0.49927062,17.080519,17.940496,1.8966961,1.6192169
train__c36__user17__6-1-3,Walk,4.926686e-08,0.16059984,0.49419352,0.49927166,18.900934,17.233603,2.1317291,1.5386505
train__c36__user23__2-2-1,Walk,0.0016338708,0.081214264,0.4964966,0.49923706,15.009034,7.6932015,1.7816505,0.5102917
train__c36__user23__2-2-2,Walk,0.006402544,0.04690018,0.49659118,0.49922994,15.547872,7.808561,1.6928558,0.522542
train__c36__user23__2-2-3,Walk,0.0029461784,0.3248027,0.4958242,0.49924418,18.218672,7.6696568,2.1340942,0.5042558
train__c36__user23__2-3-1,Walk,0.36043912,0.012105484,0.49741313,0.49921367,20.436472,8.522692,2.2758703,0.65767527
train__c36__user23__2-3-2,Walk,0.0923274,1.0207335,0.49773052,0.49923706,18.522081,9.845238,2.0340462,0.84482956
train__c36__user23__2-3-3,Walk,0.016657595,0.13567686,0.49669188,0.49924824,14.679628,10.085775,1.5692749,0.83666515
train__c36__user23__3-2-1,Walk,0.0011172052,4.163236e-05,0.49492186,0.49923807,16.333477,7.9518714,1.6871414,0.52588654
train__c36__user23__3-2-2,Walk,0.25645798,0.06361911,0.49520364,0.49925232,14.688694,7.413055,1.6165771,0.46972084
train__c36__user23__3-2-3,Walk,0.00034291085,0.012118833,0.49378866,0.4992401,18.994339,10.34982,2.1639557,0.7909603
train__c36__user23__4-2-1,Walk,4.0948014e-09,0.5086428,0.49614766,0.4992503,15.646604,8.333808,1.9017029,0.5862508
train__c36__user23__4-2-2,Walk,0.15844357,0.36781952,0.49564514,0.4992564,13.781435,8.100203,1.5688667,0.55054855
train__c36__user23__4-2-3,Walk,0.026356915,0.0056119943,0.4961314,0.49923298,16.298468,7.7518883,2.0185738,0.5142312
train__c36__user23__5-3-1,Walk,0.82338583,0.605922,0.49350485,0.49925843,19.369394,8.773146,2.2957,0.5683565
train__c36__user23__5-3-3,Walk,0.097031206,0.35235038,0.49451905,0.49924216,17.356377,7.50975,1.8842411,0.44851685
train__c36__user23__7-3-1,Walk,1.3128096e-06,2.0550503e-07,0.4940572,0.49923196,18.537783,8.113909,2.0811253,0.54281235
train__c36__user23__7-3-2,Walk,0.668838,0.003452316,0.49554953,0.49925333,13.351879,7.539189,1.4359436,0.50481415
train__c36__user23__7-3-3,Walk,0.044256322,0.0325608,0.49527892,0.49926147,13.568606,7.774289,1.451416,0.52305794
train__c36__user24__1-2-1,Walk,0.0005677358,0.04123906,0.49355367,0.49926046,21.138626,17.532124,2.7654877,1.56604
train__c36__user24__1-2-2,Walk,0.00017119794,0.8564685,0.4935862,0.49926656,19.1074,17.278996,2.399002,1.5399628
train__c36__user24__1-2-3,Walk,5.3242736e-08,0.6829177,0.49336752,0.49926758,20.361952,17.433989,2.5787735,1.5561371
train__c36__user24__3-2-1,Walk,0.016343288,0.7367087,0.49358216,0.49920145,15.898547,10.93631,1.7573776,0.8387928
train__c36__user24__3-2-2,Walk,0.011245753,0.16762948,0.4946238,0.49924317,16.080256,7.7368393,1.8313904,0.46027374
train__c36__user24__3-2-3,Walk,0.73098594,0.7607733,0.4941325,0.49923807,20.333664,7.629666,2.5991821,0.44953156
train__c36__user24__4-2-1,Walk,1.4651415e-07,0.004031954,0.49730328,0.4992279,19.564905,9.463057,2.005455,0.8284378
train__c36__user24__4-2-2,Walk,1.2986578e-09,0.0034981181,0.49606627,0.49923706,17.534103,11.032684,1.8773212,1.0239468
train__c36__user24__4-2-3,Walk,0.7425945,0.84746027,0.49622905,0.4992401,16.3248,12.701834,1.9698219,1.4165878
train__c36__user24__5-1-1,Walk,0.09354839,0.07743196,0.49375102,0.4992157,16.364727,13.008716,1.8397369,1.1223793
train__c36__user24__5-1-2,Walk,0.77932805,0.49215436,0.49349773,0.49922383,16.619314,12.178781,1.8694692,1.0135012
train__c36__user24__5-1-3,Walk,0.1370858,0.020486392,0.49394226,0.49923807,17.092546,10.688609,1.9738922,0.84054565
train__c36__user24__5-3-1,Walk,0.005435887,0.09509799,0.49368694,0.4992167,18.938005,10.025819,2.2035446,0.7395477
train__c36__user24__5-3-2,Walk,7.478944e-05,0.00020609351,0.4938507,0.49922484,19.235899,11.734437,2.0946808,0.9794121
train__c36__user24__5-3-3,Walk,7.789616e-05,0.7071917,0.49417928,0.4992401,17.84071,9.535794,2.0624619,0.7078972
train__c36__user24__6-2-1,Walk,0.009881393,0.5928655,0.49496663,0.4992167,19.514502,7.4689736,2.5785332,0.4641075
train__c36__user24__6-2-2,Walk,0.019260317,0.55740786,0.49543762,0.49924824,20.209583,8.426628,2.6244202,0.5977907
train__c36__user24__6-2-3,Walk,0.032639388,0.54864705,0.4953888,0.49924418,22.607857,7.959978,3.215271,0.5437603
train__c36__user24__7-2-1,Walk,0.06510675,0.87030846,0.49373475,0.49921772,19.898008,10.961376,2.3453293,0.8665924
train__c36__user24__7-2-2,Walk,0.32103378,0.0010484187,0.49438173,0.4992391,18.271978,8.517652,2.1672392,0.5878749
train__c36__user24__7-2-3,Walk,1.0393352e-05,0.9495193,0.49408874,0.49923196,18.400372,9.320921,2.1265717,0.67853546
train__c36__user4__1-2-1,Walk,0.7686248,0.6065244,0.4948171,0.49922282,15.366125,8.432045,1.7324142,0.62906265
train__c36__user4__1-2-2,Walk,0.4357918,0.46570048,0.49636537,0.49924216,12.344554,12.096195,1.2963104,1.3533936
train__c36__user4__1-2-3,Walk,0.31288442,0.022586817,0.4961497,0.49924824,17.20724,8.133264,1.5796318,0.63536596
train__c36__user4__2-2-1,Walk,0.14887108,0.0058168154,0.49862874,0.4992208,18.550915,7.4835973,1.7890167,0.5318947
train__c36__user4__2-2-2,Walk,0.03306982,1.0054228,0.49834695,0.4992208,12.612958,8.167596,1.3732147,0.5812912
train__c36__user4__2-2-3,Walk,1.0979594,1.0101224,0.49841005,0.49922994,12.873048,7.9710283,1.3399944,0.54661655
train__c36__user4__4-2-1,Walk,0.93754685,1.2331859,0.49869996,0.4992218,13.703533,8.089801,1.3655472,0.57193375
train__c36__user4__4-2-2,Walk,1.0702615,0.002545661,0.4981262,0.49923095,13.609132,7.4443507,1.3931389,0.5116043
train__c36__user4__4-2-3,Walk,0.44637984,0.5275402,0.4968913,0.4992503,13.67283,8.604448,1.4361877,0.6322088
train__c36__user4__5-2-1,Walk,0.4061546,0.6543199,0.49131367,0.4992401,18.343267,11.180632,2.188713,0.88536453
train__c36__user4__5-2-2,Walk,1.2986578e-09,0.014509501,0.4935913,0.49921367,19.930065,8.046477,2.2801132,0.5102539
train__c36__user4__5-2-3,Walk,0.0007853719,0.31505692,0.4945038,0.49924216,21.267426,7.4692674,2.9294891,0.4977274
train__c36__user4__7-1-1,Walk,0.004283075,0.00056981633,0.49750772,0.49923605,12.332575,8.047278,1.2843018,0.62777114
train__c36__user4__7-1-2,Walk,0.78986496,0.9482937,0.4985433,0.49922282,19.858555,7.938745,2.1053162,0.54612255
train__c36__user4__7-1-3,Walk,0.26889145,0.93640226,0.49680176,0.49924824,16.821045,9.545886,1.600914,0.7805996
train__c37__user17__4-1-1,Take_medicine,0.48416495,0.77576554,0.49080098,0.49927062,16.731806,19.490742,1.9952774,1.7774658
train__c37__user17__4-1-2,Take_medicine,1.3149273,1.1297208,0.49159852,0.49926758,14.531217,19.248457,1.529129,1.7532043
train__c37__user17__4-1-3,Take_medicine,1.1589234,0.075515375,0.49340412,0.49927062,18.91826,17.578753,2.4124546,1.5721741
train__c37__user23__7-1-1,Take_medicine,1.9458032,0.7614392,0.4872813,0.49922282,15.085708,14.695135,1.7886124,1.2603531
train__c37__user23__7-1-3,Take_medicine,1.0553526,1.3691437,0.49109498,0.4992208,16.829739,9.075362,2.0154247,0.59558773
train__c37__user23__7-2-1,Take_medicine,0.88540286,0.96350604,0.4940033,0.49918213,25.27809,7.8397937,3.2078247,0.45524216
train__c37__user23__7-2-2,Take_medicine,0.0047472487,0.8532945,0.49539694,0.499175,23.307373,7.723417,3.166275,0.45544815
train__c37__user23__7-2-3,Take_medicine,0.5461212,0.24256082,0.49497274,0.49923095,24.05191,7.660976,3.4320984,0.50187874
train__c37__user24__5-2-1,Take_medicine,0.84056365,1.0457134,0.4932261,0.49913025,26.789522,9.360611,3.3828049,0.62198067
train__c37__user24__5-2-2,Take_medicine,0.5439649,1.7438647,0.49380696,0.49916992,24.526865,8.565294,3.3274307,0.5198345
train__c37__user24__5-2-3,Take_medicine,0.045025162,0.8584454,0.49450684,0.4992208,23.376701,7.566326,3.0409317,0.45167542
train__c37__user24__7-1-1,Take_medicine,0.54105383,0.89512694,0.49407655,0.49920857,22.122166,7.7829113,2.7846375,0.4565277
train__c37__user24__7-1-2,Take_medicine,1.2986578e-09,0.850499,0.4948924,0.49923706,18.439327,7.5487103,2.3839722,0.4874096
train__c37__user24__7-1-3,Take_medicine,0.16635747,1.0266414,0.49459025,0.49921978,21.161942,7.516109,2.6218262,0.45923233
train__c37__user4__7-1-1,Take_medicine,0.14999685,0.7102834,0.49785054,0.49909565,25.304577,13.5043545,3.5748672,1.7741063
train__c37__user4__7-1-2,Take_medicine,0.742686,0.014363958,0.50065005,0.49910277,23.880587,15.923552,3.4758587,2.272766
train__c37__user4__7-1-3,Take_medicine,0.015156288,0.4047421,0.4985911,0.4990926,26.972078,15.794918,3.8156662,1.7390747
train__c38__user23__2-2-1,Massage_oneself,8.4159456e-07,1.289547,0.49644774,0.49920246,19.0729,7.53708,2.4187737,0.45627594
train__c38__user23__2-2-2,Massage_oneself,4.5652003e-05,1.3251288,0.4961141,0.49918517,22.852364,7.71136,3.4146729,0.45231628
train__c38__user23__2-2-3,Massage_oneself,0.008161107,1.2485858,0.49575806,0.4992157,18.83818,7.5268526,2.4584503,0.45501328
train__c38__user23__7-1-1,Massage_oneself,0.030144889,0.5375899,0.48826498,0.49926555,25.355904,11.887612,3.7488174,0.9410858
train__c38__user23__7-1-2,Massage_oneself,1.4157386,0.74178934,0.4856242,0.49919638,33.631943,14.196741,5.169861,1.2113419
train__c38__user23__7-1-3,Massage_oneself,1.2767497,0.5318046,0.48614603,0.49920452,32.301624,14.163596,4.9562454,1.2077942
train__c38__user24__4-3-1,Massage_oneself,0.7030072,0.12566465,0.4881907,0.49926758,21.63613,20.142168,3.1188507,1.8479004
train__c38__user24__4-3-2,Massage_oneself,0.16897258,0.67936426,0.48954365,0.49926758,22.163952,19.84664,3.1987762,1.816452
train__c38__user24__4-3-3,Massage_oneself,1.2400262,1.5723581,0.4870992,0.49926758,23.92721,20.467543,3.4582214,1.8804779
train__c38__user24__7-1-1,Massage_oneself,0.14686443,1.3103675,0.49282023,0.49920043,21.057217,8.200557,2.6449814,0.48005247
train__c38__user24__7-1-2,Massage_oneself,1.3432928e-09,0.6886746,0.49383953,0.4992208,24.15465,7.552457,3.4729614,0.45098877
train__c38__user24__7-1-3,Massage_oneself,1.753923e-09,0.78474516,0.49397075,0.49921265,20.585136,7.581885,2.7094421,0.45305634
train__c39__user17__4-1-1,Take_body_temperature,0.46370885,0.08457025,0.48773602,0.4992808,18.374813,20.609833,2.2323456,1.8977203
train__c39__user17__4-1-2,Take_body_temperature,1.5699769,0.19848704,0.49096984,0.4992747,18.03417,20.231087,2.1446347,1.8621216
train__c39__user17__4-1-3,Take_body_temperature,0.54320234,0.050601732,0.49087116,0.49928486,16.155039,19.623821,1.7081451,1.8019714
train__c39__user17__7-1-1,Take_body_temperature,0.12159651,0.36708093,0.48986003,0.49927673,24.16816,19.725552,3.1547241,1.8045502
train__c39__user17__7-1-2,Take_body_temperature,0.01337768,0.81024754,0.4909678,0.49927267,25.02926,18.929438,3.4627533,1.7225952
train__c39__user17__7-1-3,Take_body_temperature,0.4159233,0.08943383,0.4918467,0.4992686,18.8189,18.500502,2.230484,1.6747437
train__c39__user23__7-2-1,Take_body_temperature,0.63339293,1.0650282,0.4943878,0.49915466,21.705519,8.0317335,2.704239,0.46914577
train__c39__user23__7-2-2,Take_body_temperature,0.09289559,0.60180056,0.49581605,0.49917194,20.10911,7.853557,2.40345,0.45664978
train__c39__user23__7-2-3,Take_body_temperature,1.1433554,0.47918478,0.49479267,0.49916178,22.517937,7.985052,2.9442444,0.46717453
train__c39__user24__5-2-1,Take_body_temperature,0.0003564761,0.81393045,0.49479166,0.4992269,25.719234,7.499982,3.4726257,0.46748352
train__c39__user24__5-2-2,Take_body_temperature,8.779334e-08,0.12081644,0.4950226,0.49923503,24.333412,7.5733385,3.3186035,0.48840714
train__c39__user24__5-2-3,Take_body_temperature,1.2986578e-09,0.0007211643,0.49524638,0.4992462,23.138716,7.7887683,3.0402222,0.5133827
train__c39__user24__7-1-1,Take_body_temperature,0.34740445,0.94217026,0.4928599,0.49916077,23.07299,8.537591,3.0585938,0.52134895
train__c39__user24__7-1-2,Take_body_temperature,0.0036673706,0.067128874,0.49491373,0.4992279,21.6828,7.6283846,2.6008043,0.4969921
train__c39__user24__7-1-3,Take_body_temperature,3.4612995e-09,0.45857385,0.4948395,0.4992218,23.399656,7.485057,3.1831312,0.47519493
